-- phpMyAdmin SQL Dump
-- version 4.2.12deb2+deb8u1
-- http://www.phpmyadmin.net
--
-- Machine: localhost
-- Gegenereerd op: 27 jan 2016 om 00:05
-- Serverversie: 5.5.44-0+deb8u1
-- PHP-versie: 5.6.14-0+deb8u1

SET SQL_MODE = "NO_AUTO_VALUE_ON_ZERO";
SET time_zone = "+00:00";


/*!40101 SET @OLD_CHARACTER_SET_CLIENT=@@CHARACTER_SET_CLIENT */;
/*!40101 SET @OLD_CHARACTER_SET_RESULTS=@@CHARACTER_SET_RESULTS */;
/*!40101 SET @OLD_COLLATION_CONNECTION=@@COLLATION_CONNECTION */;
/*!40101 SET NAMES utf8 */;

--
-- Databank: `home`
--

-- --------------------------------------------------------

--
-- Tabelstructuur voor tabel `action`
--

CREATE TABLE IF NOT EXISTS `action` (
`id` int(11) NOT NULL COMMENT 'Id of the action',
  `name` varchar(255) NOT NULL COMMENT 'Name of the action',
  `data_structure` text NOT NULL COMMENT 'Structure of the data that is passed',
  `created_at` datetime NOT NULL COMMENT 'When the action is created',
  `updated_at` datetime NOT NULL COMMENT 'When the action is updated'
) ENGINE=InnoDB AUTO_INCREMENT=9 DEFAULT CHARSET=utf8;

--
-- Gegevens worden geëxporteerd voor tabel `action`
--

INSERT INTO `action` (`id`, `name`, `data_structure`, `created_at`, `updated_at`) VALUES
(1, 'Temperature', 'temp:Temperature', '2015-08-11 17:10:52', '2016-01-22 22:49:38'),
(2, 'Humidity', 'hum:Humidity', '2015-08-11 17:11:06', '2016-01-22 22:49:50'),
(3, 'Temperature / Humidity', 'temp:Temperature,hum:Humidity', '2015-08-11 17:11:15', '2016-01-22 22:50:00'),
(4, 'Thermostat ON', '', '2015-08-11 17:11:29', '2015-08-11 17:11:29'),
(5, 'Thermostat OFF', '', '2015-08-11 17:11:40', '2015-08-11 17:11:40'),
(6, 'Thermostat Status (ON / OFF)', '', '2015-08-11 17:11:51', '2015-08-11 17:11:51'),
(7, 'Light ON', '', '2015-08-11 17:12:04', '2015-08-11 17:12:04'),
(8, 'Light OFF', '', '2015-08-11 17:12:16', '2015-08-11 17:12:16');

-- --------------------------------------------------------

--
-- Tabelstructuur voor tabel `condition`
--

CREATE TABLE IF NOT EXISTS `condition` (
`id` int(11) NOT NULL COMMENT 'Id of the condition',
  `name` varchar(255) NOT NULL COMMENT 'Name of the condition',
  `condition` varchar(128) NOT NULL COMMENT 'The condition it self',
  `equation` varchar(4) NOT NULL COMMENT 'The equation between the condition and the value',
  `value` varchar(255) NOT NULL COMMENT 'The value of the condition',
  `created_at` datetime NOT NULL COMMENT 'When the condition is created',
  `updated_at` datetime NOT NULL COMMENT 'When the condition is updated'
) ENGINE=InnoDB AUTO_INCREMENT=3 DEFAULT CHARSET=utf8;

--
-- Gegevens worden geëxporteerd voor tabel `condition`
--

INSERT INTO `condition` (`id`, `name`, `condition`, `equation`, `value`, `created_at`, `updated_at`) VALUES
(1, 'Als ik thuis ben', '{"class":"Condition","function":"amiathome","parameter":[]}', '==', '1', '2015-10-21 19:49:36', '2015-10-22 20:11:34'),
(2, 'Temperatuur in Woonkamer kleiner dan 15°', '{"class":"Task","function":"execute","parameter":["1","2","1"]}', '<', '15', '2015-10-22 19:59:27', '2015-10-22 19:59:27');

-- --------------------------------------------------------

--
-- Tabelstructuur voor tabel `cronjob`
--

CREATE TABLE IF NOT EXISTS `cronjob` (
`id` int(11) NOT NULL COMMENT 'Id of the cron job',
  `name` varchar(255) NOT NULL COMMENT 'Name of the cron job',
  `description` text NOT NULL COMMENT 'Description of the cron job',
  `recurrence_minute` varchar(20) NOT NULL COMMENT 'Recurrence by minutes of the cron job',
  `recurrence_hour` varchar(20) NOT NULL COMMENT 'Recurrence by hours of the cron job',
  `recurrence_day` varchar(20) NOT NULL COMMENT 'Recurrence by days of the cron job',
  `recurrence_week` varchar(20) NOT NULL COMMENT 'Recurrence by weeks of the cron job',
  `recurrence_month` varchar(20) NOT NULL COMMENT 'Recurrence by months of the cron job',
  `recurrence_year` varchar(20) NOT NULL COMMENT 'Recurrence by years of the cron job',
  `job` varchar(32) NOT NULL COMMENT 'Job of the cron job',
  `task_id` int(11) NOT NULL COMMENT 'Task id of the cron job',
  `rule_id` int(11) NOT NULL COMMENT 'Rule id of the cron job',
  `start_at` datetime NOT NULL COMMENT 'When the cron job has to start',
  `end_at` datetime DEFAULT NULL COMMENT 'When the cron job has to end',
  `run_at` datetime NOT NULL COMMENT 'When the cron job last run',
  `created_at` datetime NOT NULL COMMENT 'When the cron job is created',
  `updated_at` datetime NOT NULL COMMENT 'When the cron job is updated'
) ENGINE=InnoDB AUTO_INCREMENT=3 DEFAULT CHARSET=utf8;

--
-- Gegevens worden geëxporteerd voor tabel `cronjob`
--

INSERT INTO `cronjob` (`id`, `name`, `description`, `recurrence_minute`, `recurrence_hour`, `recurrence_day`, `recurrence_week`, `recurrence_month`, `recurrence_year`, `job`, `task_id`, `rule_id`, `start_at`, `end_at`, `run_at`, `created_at`, `updated_at`) VALUES
(1, 'Temperatuur en Vochtigheid Woonkamer', 'Haal Temperatuur en Luchtvochtigheid van de Woonkamer op.', '0 minute', '1 hour', '0 day', '0 week', '0 month', '0 year', 'task', 2, 0, '2015-10-10 11:30:00', NULL, '2016-01-26 23:30:00', '2015-09-22 23:18:58', '2016-01-26 23:30:05'),
(2, 'Temperatuur en Vochtigheid Balkon', 'Haal Temperatuur en Luchtvochtigheid van het Balkon op.', '0 minute', '1 hour', '0 day', '0 week', '0 month', '0 year', 'task', 5, 0, '2015-10-10 11:30:00', NULL, '2016-01-26 23:30:00', '2015-09-27 18:47:12', '2016-01-26 23:30:06');

-- --------------------------------------------------------

--
-- Tabelstructuur voor tabel `device`
--

CREATE TABLE IF NOT EXISTS `device` (
`id` int(11) NOT NULL COMMENT 'Id of the device',
  `name` varchar(255) NOT NULL COMMENT 'Name of the device',
  `master` tinyint(1) NOT NULL DEFAULT '0' COMMENT 'If the device is the master device',
  `created_at` datetime NOT NULL COMMENT 'When the device is created',
  `updated_at` datetime NOT NULL COMMENT 'When the device is updated'
) ENGINE=InnoDB AUTO_INCREMENT=5 DEFAULT CHARSET=utf8;

--
-- Gegevens worden geëxporteerd voor tabel `device`
--

INSERT INTO `device` (`id`, `name`, `master`, `created_at`, `updated_at`) VALUES
(1, 'Master', 1, '2015-06-16 20:41:50', '2015-10-14 14:34:30'),
(2, 'Living Room Temperature & Humidity', 0, '2015-06-16 20:42:31', '2015-06-16 20:42:31'),
(3, 'Thermostat / Light switch Living Room', 0, '0000-00-00 00:00:00', '2015-06-29 21:03:09'),
(4, 'Balcony Temperature & Humidity', 0, '2015-06-29 21:02:35', '2015-09-27 14:13:25');

-- --------------------------------------------------------

--
-- Tabelstructuur voor tabel `device_action`
--

CREATE TABLE IF NOT EXISTS `device_action` (
`id` int(11) NOT NULL COMMENT 'Id of the join between device and action',
  `device_id` int(11) NOT NULL COMMENT 'Id of the device',
  `action_id` int(11) NOT NULL COMMENT 'Id of the action',
  `created_at` datetime NOT NULL COMMENT 'When the join between device and action is created'
) ENGINE=InnoDB AUTO_INCREMENT=15 DEFAULT CHARSET=utf8;

--
-- Gegevens worden geëxporteerd voor tabel `device_action`
--

INSERT INTO `device_action` (`id`, `device_id`, `action_id`, `created_at`) VALUES
(1, 2, 1, '2015-08-11 17:10:52'),
(3, 2, 2, '2015-08-11 17:11:06'),
(5, 2, 3, '2015-08-11 17:11:16'),
(7, 3, 4, '2015-08-11 17:11:30'),
(8, 3, 5, '2015-08-11 17:11:41'),
(9, 3, 6, '2015-08-11 17:11:53'),
(10, 3, 7, '2015-08-11 17:12:04'),
(11, 3, 8, '2015-08-11 17:12:16'),
(12, 4, 1, '2015-09-27 14:13:25'),
(13, 4, 2, '2015-09-27 14:13:26'),
(14, 4, 3, '2015-09-27 14:13:26');

-- --------------------------------------------------------

--
-- Tabelstructuur voor tabel `rule`
--

CREATE TABLE IF NOT EXISTS `rule` (
`id` int(11) NOT NULL COMMENT 'Id of the rule',
  `name` varchar(255) NOT NULL COMMENT 'Name of the rule',
  `description` text NOT NULL COMMENT 'Description of the rule',
  `weight` int(11) NOT NULL COMMENT 'How high the rule occurs',
  `created_at` datetime NOT NULL COMMENT 'When the rule is created',
  `updated_at` datetime NOT NULL COMMENT 'When the rule is updated'
) ENGINE=InnoDB AUTO_INCREMENT=3 DEFAULT CHARSET=utf8;

--
-- Gegevens worden geëxporteerd voor tabel `rule`
--

INSERT INTO `rule` (`id`, `name`, `description`, `weight`, `created_at`, `updated_at`) VALUES
(1, 'Test 1', 'Test 1', 0, '2016-01-26 23:44:34', '2016-01-26 23:44:34'),
(2, 'Test 3', 'Test 3', 0, '2016-01-26 23:47:38', '2016-01-26 23:54:34');

-- --------------------------------------------------------

--
-- Tabelstructuur voor tabel `rule_action`
--

CREATE TABLE IF NOT EXISTS `rule_action` (
`id` int(11) NOT NULL COMMENT 'Id of the condition',
  `action` varchar(128) NOT NULL COMMENT 'The action it self',
  `action_value` varchar(255) NOT NULL COMMENT 'The value of the action it self',
  `value` varchar(128) NOT NULL COMMENT 'The value of the action',
  `value_value` varchar(255) NOT NULL COMMENT 'The value of the value it self',
  `rule_id` int(11) NOT NULL COMMENT 'Id of the rule',
  `weight` int(11) NOT NULL COMMENT 'How high the action occurs in the rule',
  `created_at` datetime NOT NULL COMMENT 'When the action is created',
  `updated_at` datetime NOT NULL COMMENT 'When the action is updated'
) ENGINE=InnoDB AUTO_INCREMENT=4 DEFAULT CHARSET=utf8;

--
-- Gegevens worden geëxporteerd voor tabel `rule_action`
--

INSERT INTO `rule_action` (`id`, `action`, `action_value`, `value`, `value_value`, `rule_id`, `weight`, `created_at`, `updated_at`) VALUES
(1, 'taskdefined', '4', 'taskdefined', '5', 1, 0, '2016-01-26 23:44:34', '2016-01-26 23:44:34'),
(2, 'taskdefined', '4', 'date', 'l', 2, 0, '2016-01-26 23:47:39', '2016-01-26 23:54:34'),
(3, 'taskdefined', '5', 'date', 'N', 2, 1, '2016-01-26 23:47:39', '2016-01-26 23:54:34');

-- --------------------------------------------------------

--
-- Tabelstructuur voor tabel `rule_condition`
--

CREATE TABLE IF NOT EXISTS `rule_condition` (
`id` int(11) NOT NULL COMMENT 'Id of the condition',
  `condition` varchar(128) NOT NULL COMMENT 'The condition it self',
  `condition_value` varchar(255) NOT NULL COMMENT 'The value of the condition it self',
  `equation` varchar(4) NOT NULL COMMENT 'The equation between the condition and the valueThe equation between the condition and the value',
  `value` varchar(128) NOT NULL COMMENT 'The value of the condition',
  `rule_id` int(11) NOT NULL COMMENT 'Id of the rule',
  `weight` int(11) NOT NULL COMMENT 'How high the condition occurs in the rule',
  `created_at` datetime NOT NULL COMMENT 'When the condition is created',
  `updated_at` datetime NOT NULL COMMENT 'When the condition is updated'
) ENGINE=InnoDB AUTO_INCREMENT=4 DEFAULT CHARSET=utf8;

--
-- Gegevens worden geëxporteerd voor tabel `rule_condition`
--

INSERT INTO `rule_condition` (`id`, `condition`, `condition_value`, `equation`, `value`, `rule_id`, `weight`, `created_at`, `updated_at`) VALUES
(1, 'taskdefined', '3', '!=', '2', 1, 0, '2016-01-26 23:44:34', '2016-01-26 23:44:34'),
(2, 'date', 'D', '!=', '2', 2, 0, '2016-01-26 23:47:38', '2016-01-26 23:54:34');

-- --------------------------------------------------------

--
-- Tabelstructuur voor tabel `setting`
--

CREATE TABLE IF NOT EXISTS `setting` (
`id` int(11) NOT NULL COMMENT 'Id of the setting',
  `name` varchar(255) NOT NULL COMMENT 'Name of the setting, must be unique',
  `description` text NOT NULL COMMENT 'Description of the setting',
  `data` text NOT NULL COMMENT 'Data of the setting',
  `created_at` datetime NOT NULL COMMENT 'When the setting is created',
  `updated_at` datetime NOT NULL COMMENT 'When the setting is updated'
) ENGINE=InnoDB AUTO_INCREMENT=2 DEFAULT CHARSET=utf8;

--
-- Gegevens worden geëxporteerd voor tabel `setting`
--

INSERT INTO `setting` (`id`, `name`, `description`, `data`, `created_at`, `updated_at`) VALUES
(1, 'date_default_timezone', 'De standaad tijd zone.', 'Europe/Amsterdam', '2016-01-23 21:15:46', '2016-01-23 21:15:46');

-- --------------------------------------------------------

--
-- Tabelstructuur voor tabel `task`
--

CREATE TABLE IF NOT EXISTS `task` (
`id` int(11) NOT NULL COMMENT 'Id of the task',
  `from_device_id` int(11) NOT NULL COMMENT 'From witch device id',
  `to_device_id` int(11) NOT NULL COMMENT 'To witch device id',
  `action_id` int(11) NOT NULL COMMENT 'Witch action id',
  `data` varchar(32) NOT NULL COMMENT 'Data that comes along or is passed',
  `created_at` datetime NOT NULL COMMENT 'When the task is created'
) ENGINE=InnoDB AUTO_INCREMENT=1571 DEFAULT CHARSET=utf8;

--
-- Gegevens worden geëxporteerd voor tabel `task`
--

INSERT INTO `task` (`id`, `from_device_id`, `to_device_id`, `action_id`, `data`, `created_at`) VALUES
(1, 1, 2, 3, '23.29;54.09\0\0\0\0\0', '2015-09-27 14:15:04'),
(2, 1, 2, 1, '23.70\0\0\0\0\0\0\0\0\0\0\0', '2015-09-27 14:19:22'),
(3, 1, 2, 3, '24.00;53.00\0\0\0\0\0', '2015-09-27 14:25:03'),
(4, 1, 2, 3, '24.50;52.40\0\0\0\0\0', '2015-09-27 14:36:40'),
(5, 1, 2, 3, '24.70;52.00\0\0\0\0\0', '2015-09-27 14:46:20'),
(6, 1, 2, 3, '22.79;46.09\0\0\0\0\0', '2015-09-27 16:13:10'),
(7, 1, 2, 3, '22.70;46.00\0\0\0\0\0', '2015-09-27 16:22:33'),
(8, 1, 2, 3, '22.60;45.79\0\0\0\0\0', '2015-09-27 16:28:04'),
(9, 1, 2, 3, '23.50;44.20\0\0\0\0\0', '2015-09-27 17:20:44'),
(10, 1, 2, 3, '23.00;45.90\0\0\0\0\0', '2015-09-27 17:25:03'),
(11, 1, 2, 3, '22.79;46.20\0\0\0\0\0', '2015-09-27 17:35:04'),
(12, 1, 2, 3, '22.70;47.00\0\0\0\0\0', '2015-09-27 17:40:03'),
(13, 1, 2, 3, '22.60;47.00\0\0\0\0\0', '2015-09-27 17:45:03'),
(14, 1, 2, 3, '22.70;47.20\0\0\0\0\0', '2015-09-27 17:50:03'),
(15, 1, 2, 3, '22.60;47.50\0\0\0\0\0', '2015-09-27 17:55:03'),
(16, 1, 2, 3, '22.50;47.50\0\0\0\0\0', '2015-09-27 18:00:04'),
(17, 1, 2, 3, '22.50;47.70\0\0\0\0\0', '2015-09-27 18:05:04'),
(18, 1, 2, 3, '22.39;47.59\0\0\0\0\0', '2015-09-27 18:10:04'),
(19, 1, 2, 3, '22.29;48.00\0\0\0\0\0', '2015-09-27 18:15:04'),
(20, 1, 2, 3, '22.29;48.20\0\0\0\0\0', '2015-09-27 18:20:04'),
(21, 1, 2, 3, '22.20;48.20\0\0\0\0\0', '2015-09-27 18:25:04'),
(22, 1, 2, 3, '22.010;48.79\0\0\0\0', '2015-09-27 18:30:04'),
(23, 1, 2, 3, '22.010;48.40\0\0\0\0', '2015-09-27 18:35:04'),
(24, 1, 2, 3, '22.010;48.50\0\0\0\0', '2015-09-27 18:40:04'),
(25, 1, 2, 3, '22.00;48.20\0\0\0\0\0', '2015-09-27 18:45:04'),
(26, 1, 2, 3, '21.79;48.70\0\0\0\0\0', '2015-09-27 18:50:04'),
(27, 1, 4, 3, 'error;timeout', '2015-09-27 18:50:08'),
(28, 1, 2, 3, '21.70;49.50\0\0\0\0\0', '2015-09-27 18:55:04'),
(29, 1, 2, 3, '21.79;49.79\0\0\0\0\0', '2015-09-27 19:00:03'),
(30, 1, 4, 3, 'error;timeout', '2015-09-27 19:00:07'),
(31, 1, 2, 3, '21.79;50.40\0\0\0\0\0', '2015-09-27 19:05:03'),
(32, 1, 2, 3, '21.89;50.79\0\0\0\0\0', '2015-09-27 19:10:03'),
(33, 1, 4, 3, 'error;timeout', '2015-09-27 19:10:07'),
(34, 1, 2, 3, '21.79;51.29\0\0\0\0\0', '2015-09-27 19:15:03'),
(35, 1, 2, 3, '21.89;51.00\0\0\0\0\0', '2015-09-27 19:20:04'),
(36, 1, 4, 3, 'error;timeout', '2015-09-27 19:20:08'),
(37, 1, 2, 3, '21.70;50.90\0\0\0\0\0', '2015-09-27 19:25:04'),
(38, 1, 2, 3, '21.60;51.09\0\0\0\0\0', '2015-09-27 19:30:04'),
(39, 1, 4, 3, 'error;timeout', '2015-09-27 19:30:08'),
(40, 1, 4, 3, 'error;timeout', '2015-09-27 19:34:32'),
(41, 1, 4, 3, 'error;timeout', '2015-09-27 19:36:05'),
(42, 1, 4, 3, 'error;timeout', '2015-09-27 19:40:05'),
(43, 1, 4, 3, 'error;timeout', '2015-09-27 19:50:05'),
(44, 1, 4, 3, 'error;timeout', '2015-09-27 20:00:05'),
(45, 1, 4, 3, 'error;timeout', '2015-09-27 20:10:05'),
(46, 1, 4, 3, 'error;timeout', '2015-09-27 20:20:06'),
(47, 1, 2, 3, '21.79;54.90\0\0\0\0\0', '2015-09-27 20:30:04'),
(48, 1, 4, 3, 'error;timeout', '2015-09-27 20:30:08'),
(49, 1, 4, 3, 'error;timeout', '2015-09-27 20:40:06'),
(50, 1, 4, 3, 'error;timeout', '2015-09-27 20:50:06'),
(51, 1, 4, 3, 'error;timeout', '2015-09-27 21:00:05'),
(52, 1, 4, 3, 'error;timeout', '2015-09-27 21:10:05'),
(53, 1, 4, 3, 'error;timeout', '2015-09-27 21:20:06'),
(54, 1, 2, 1, 'error;timeout', '2015-09-27 21:29:14'),
(55, 1, 2, 1, 'error;timeout', '2015-09-27 21:29:32'),
(56, 1, 2, 3, 'error;timeout', '2015-09-27 21:30:09'),
(57, 1, 2, 3, 'error;timeout', '2015-09-27 22:00:36'),
(58, 1, 2, 3, '21.50;58.90\0\0\0\0\0', '2015-09-27 22:30:04'),
(59, 1, 2, 3, '21.70;56.50\0\0\0\0\0', '2015-09-27 23:30:03'),
(60, 1, 2, 3, '21.20;56.09\0\0\0\0\0', '2015-09-28 00:30:04'),
(61, 1, 2, 3, '21.00;55.59\0\0\0\0\0', '2015-09-28 01:30:04'),
(62, 1, 2, 3, '20.79;55.59\0\0\0\0\0', '2015-09-28 02:30:03'),
(63, 1, 2, 3, '20.70;54.90\0\0\0\0\0', '2015-09-28 03:30:03'),
(64, 1, 2, 3, '20.50;54.79\0\0\0\0\0', '2015-09-28 04:30:04'),
(65, 1, 2, 3, '20.29;54.70\0\0\0\0\0', '2015-09-28 05:30:04'),
(66, 1, 2, 3, '20.20;54.40\0\0\0\0\0', '2015-09-28 06:30:04'),
(67, 1, 2, 3, 'error;timeout', '2015-09-28 07:30:05'),
(68, 1, 2, 3, 'error;timeout', '2015-09-28 08:15:54'),
(69, 1, 2, 3, '19.50;56.70\0\0\0\0\0', '2015-09-28 08:30:04'),
(70, 1, 2, 3, 'error;timeout', '2015-09-28 09:30:06'),
(71, 1, 2, 3, 'error;timeout', '2015-09-28 10:30:05'),
(72, 1, 2, 3, 'error;timeout', '2015-09-28 11:30:06'),
(73, 1, 2, 3, 'error;timeout', '2015-09-28 12:30:06'),
(74, 1, 2, 3, 'error;timeout', '2015-09-28 13:30:05'),
(75, 1, 2, 3, 'error;timeout', '2015-09-28 14:30:06'),
(76, 1, 2, 3, 'error;timeout', '2015-09-28 15:30:06'),
(77, 1, 2, 3, 'error;timeout', '2015-09-28 16:30:06'),
(78, 1, 2, 3, 'error;timeout', '2015-09-28 17:30:05'),
(79, 1, 2, 3, 'error;timeout', '2015-09-28 18:30:06'),
(80, 1, 2, 3, 'error;timeout', '2015-09-28 19:30:06'),
(81, 1, 2, 3, 'error;timeout', '2015-09-28 20:30:05'),
(82, 1, 2, 3, '20.60;58.40\0\0\0\0\0', '2015-09-28 21:30:04'),
(83, 1, 2, 3, '20.89;58.29\0\0\0\0\0', '2015-09-28 22:30:04'),
(84, 1, 2, 3, '20.60;58.59\0\0\0\0\0', '2015-09-28 23:30:03'),
(85, 1, 2, 3, '20.29;58.20\0\0\0\0\0', '2015-09-29 00:30:05'),
(86, 1, 2, 3, '20.00;58.00\0\0\0\0\0', '2015-09-29 01:30:03'),
(87, 1, 2, 3, '19.79;57.79\0\0\0\0\0', '2015-09-29 02:30:04'),
(88, 1, 2, 3, '19.70;57.59\0\0\0\0\0', '2015-09-29 03:30:04'),
(89, 1, 2, 3, '19.39;57.50\0\0\0\0\0', '2015-09-29 04:30:03'),
(90, 1, 2, 3, '19.20;57.40\0\0\0\0\0', '2015-09-29 05:30:04'),
(91, 1, 2, 3, '19.00;57.20\0\0\0\0\0', '2015-09-29 06:30:03'),
(92, 1, 2, 3, '18.70;57.09\0\0\0\0\0', '2015-09-29 07:30:04'),
(93, 1, 2, 3, '18.70;57.40\0\0\0\0\0', '2015-09-29 08:30:04'),
(94, 1, 2, 3, '18.60;56.70\0\0\0\0\0', '2015-09-29 09:30:03'),
(95, 1, 2, 3, 'error;timeout', '2015-09-29 10:30:06'),
(96, 1, 2, 3, 'error;timeout', '2015-09-29 11:30:05'),
(97, 1, 2, 3, 'error;timeout', '2015-09-29 12:30:06'),
(98, 1, 2, 3, 'error;timeout', '2015-09-29 13:30:06'),
(99, 1, 2, 3, 'error;timeout', '2015-09-29 14:30:05'),
(100, 1, 2, 3, 'error;timeout', '2015-09-29 15:30:06'),
(101, 1, 2, 3, 'error;timeout', '2015-09-29 16:30:05'),
(102, 1, 2, 3, 'error;timeout', '2015-09-29 17:30:06'),
(103, 1, 2, 3, 'error;timeout', '2015-09-29 18:30:05'),
(104, 1, 2, 3, 'error;timeout', '2015-09-29 19:30:06'),
(105, 1, 2, 3, '22.50;32.00\0\0\0\0\0', '2015-09-29 20:30:04'),
(106, 1, 2, 3, '22.010;31.70\0\0\0\0', '2015-09-29 21:05:03'),
(107, 1, 2, 3, '22.29;35.29\0\0\0\0\0', '2015-09-29 21:10:03'),
(108, 1, 2, 3, '22.39;35.40\0\0\0\0\0', '2015-09-29 21:15:03'),
(109, 1, 2, 3, '22.29;34.20\0\0\0\0\0', '2015-09-29 21:20:03'),
(110, 1, 2, 3, '22.010;34.59\0\0\0\0', '2015-09-29 21:25:03'),
(111, 1, 2, 3, '22.010;34.90\0\0\0\0', '2015-09-29 21:30:03'),
(112, 1, 2, 3, '22.010;35.09\0\0\0\0', '2015-09-29 21:35:04'),
(113, 1, 2, 3, '22.00;35.20\0\0\0\0\0', '2015-09-29 21:40:04'),
(114, 1, 2, 3, '22.00;35.20\0\0\0\0\0', '2015-09-29 21:45:04'),
(115, 1, 2, 3, '22.010;35.29\0\0\0\0', '2015-09-29 21:50:04'),
(116, 1, 2, 3, '22.010;35.40\0\0\0\0', '2015-09-29 21:55:03'),
(117, 1, 2, 3, '22.010;35.50\0\0\0\0', '2015-09-29 22:00:03'),
(118, 1, 2, 3, '22.010;35.50\0\0\0\0', '2015-09-29 22:05:03'),
(119, 1, 2, 3, '22.010;35.50\0\0\0\0', '2015-09-29 22:10:03'),
(120, 1, 2, 3, '22.010;35.29\0\0\0\0', '2015-09-29 22:15:03'),
(121, 1, 2, 3, '22.00;35.59\0\0\0\0\0', '2015-09-29 22:20:03'),
(122, 1, 2, 3, '22.00;35.79\0\0\0\0\0', '2015-09-29 22:25:03'),
(123, 1, 2, 3, '22.00;35.90\0\0\0\0\0', '2015-09-29 22:30:03'),
(124, 1, 2, 3, '21.89;35.90\0\0\0\0\0', '2015-09-29 22:35:03'),
(125, 1, 2, 3, '21.89;35.90\0\0\0\0\0', '2015-09-29 22:40:03'),
(126, 1, 2, 3, '21.89;36.09\0\0\0\0\0', '2015-09-29 22:45:03'),
(127, 1, 2, 3, '21.89;36.09\0\0\0\0\0', '2015-09-29 22:50:03'),
(128, 1, 2, 3, '21.89;36.09\0\0\0\0\0', '2015-09-29 22:55:04'),
(129, 1, 2, 3, '21.89;36.09\0\0\0\0\0', '2015-09-29 23:00:04'),
(130, 1, 2, 3, '21.89;36.20\0\0\0\0\0', '2015-09-29 23:05:04'),
(131, 1, 2, 3, '21.89;36.20\0\0\0\0\0', '2015-09-29 23:10:04'),
(132, 1, 2, 3, '21.89;36.29\0\0\0\0\0', '2015-09-29 23:15:03'),
(133, 1, 2, 3, '21.89;36.29\0\0\0\0\0', '2015-09-29 23:20:03'),
(134, 1, 2, 3, '21.89;36.29\0\0\0\0\0', '2015-09-29 23:25:03'),
(135, 1, 2, 3, '21.89;36.29\0\0\0\0\0', '2015-09-29 23:30:03'),
(136, 1, 2, 3, '21.89;37.40\0\0\0\0\0', '2015-09-29 23:52:39'),
(137, 1, 2, 3, '22.29;36.90\0\0\0\0\0', '2015-09-29 23:54:04'),
(138, 1, 2, 3, '22.60;35.79\0\0\0\0\0', '2015-09-30 00:25:14'),
(139, 1, 2, 3, '21.39;36.79\0\0\0\0\0', '2015-09-30 00:30:03'),
(140, 1, 2, 3, '21.39;36.90\0\0\0\0\0', '2015-09-30 01:30:03'),
(141, 1, 2, 3, '21.010;37.29\0\0\0\0', '2015-09-30 02:30:03'),
(142, 1, 2, 3, '20.79;36.40\0\0\0\0\0', '2015-09-30 03:30:03'),
(143, 1, 2, 3, '20.50;35.90\0\0\0\0\0', '2015-09-30 04:30:03'),
(144, 1, 2, 3, '20.29;35.79\0\0\0\0\0', '2015-09-30 05:30:03'),
(145, 1, 2, 3, '20.010;35.50\0\0\0\0', '2015-09-30 06:30:04'),
(146, 1, 2, 3, '19.79;35.20\0\0\0\0\0', '2015-09-30 07:30:03'),
(147, 1, 2, 3, '19.60;35.20\0\0\0\0\0', '2015-09-30 08:30:03'),
(148, 1, 2, 3, '20.010;34.59\0\0\0\0', '2015-09-30 09:30:03'),
(149, 1, 2, 3, '21.50;33.20\0\0\0\0\0', '2015-09-30 10:30:03'),
(150, 1, 2, 3, '23.20;32.09\0\0\0\0\0', '2015-09-30 11:30:03'),
(151, 1, 2, 3, '24.89;31.20\0\0\0\0\0', '2015-09-30 12:30:04'),
(152, 1, 2, 3, '26.20;30.20\0\0\0\0\0', '2015-09-30 13:30:03'),
(153, 1, 2, 3, '27.29;29.20\0\0\0\0\0', '2015-09-30 14:30:03'),
(154, 1, 2, 3, '27.79;27.89\0\0\0\0\0', '2015-09-30 15:12:53'),
(155, 1, 2, 3, '28.39;23.79\0\0\0\0\0', '2015-09-30 15:30:03'),
(156, 1, 2, 3, '28.50;20.39\0\0\0\0\0', '2015-09-30 16:30:04'),
(157, 1, 2, 3, '28.39;21.00\0\0\0\0\0', '2015-09-30 17:30:03'),
(158, 1, 2, 3, '33.00;18.29\0\0\0\0\0', '2015-09-30 18:30:03'),
(159, 1, 2, 3, '24.60;29.39\0\0\0\0\0', '2015-09-30 19:30:03'),
(160, 1, 2, 3, '23.50;31.70\0\0\0\0\0', '2015-09-30 20:30:04'),
(161, 1, 2, 3, '23.010;33.00\0\0\0\0', '2015-09-30 21:30:03'),
(162, 1, 2, 3, '22.89;35.79\0\0\0\0\0', '2015-09-30 22:30:03'),
(163, 1, 2, 3, '22.60;35.20\0\0\0\0\0', '2015-09-30 23:30:03'),
(164, 1, 2, 3, '22.29;35.09\0\0\0\0\0', '2015-10-01 00:30:03'),
(165, 1, 2, 3, '22.00;34.79\0\0\0\0\0', '2015-10-01 01:30:03'),
(166, 1, 2, 3, '21.70;34.79\0\0\0\0\0', '2015-10-01 02:30:04'),
(167, 1, 2, 3, '21.50;34.50\0\0\0\0\0', '2015-10-01 03:30:03'),
(168, 1, 2, 3, '21.20;34.20\0\0\0\0\0', '2015-10-01 04:30:03'),
(169, 1, 2, 3, '21.00;34.00\0\0\0\0\0', '2015-10-01 05:30:04'),
(170, 1, 2, 3, '20.70;33.70\0\0\0\0\0', '2015-10-01 06:30:03'),
(171, 1, 2, 3, '20.39;33.29\0\0\0\0\0', '2015-10-01 07:30:03'),
(172, 1, 2, 3, '20.29;34.00\0\0\0\0\0', '2015-10-01 08:30:03'),
(173, 1, 2, 3, '20.70;33.40\0\0\0\0\0', '2015-10-01 09:30:03'),
(174, 1, 2, 3, '21.89;31.79\0\0\0\0\0', '2015-10-01 10:30:04'),
(175, 1, 2, 3, '23.70;31.01023.7', '2015-10-01 11:30:03'),
(176, 1, 2, 3, '25.50;29.89\0\0\0\0\0', '2015-10-01 12:30:03'),
(177, 1, 2, 3, '26.70;28.50\0\0\0\0\0', '2015-10-01 13:30:03'),
(178, 1, 2, 3, '27.79;27.01027.7', '2015-10-01 14:30:03'),
(179, 1, 2, 3, '28.39;25.79\0\0\0\0\0', '2015-10-01 15:30:03'),
(180, 1, 2, 3, '29.50;24.89\0\0\0\0\0', '2015-10-01 16:30:03'),
(181, 1, 2, 3, '29.50;23.79\0\0\0\0\0', '2015-10-01 17:30:03'),
(182, 1, 2, 3, '33.50;19.01033.5', '2015-10-01 18:30:03'),
(183, 1, 2, 3, '25.29;29.29\0\0\0\0\0', '2015-10-01 19:30:04'),
(184, 1, 2, 3, '24.010;30.89\0\0\0\0', '2015-10-01 20:30:03'),
(185, 1, 2, 3, '23.50;30.89\0\0\0\0\0', '2015-10-01 21:30:03'),
(186, 1, 2, 3, '22.79;29.29\0\0\0\0\0', '2015-10-01 22:30:04'),
(187, 1, 2, 3, '22.60;30.01022.6', '2015-10-01 23:30:03'),
(188, 1, 2, 3, '22.39;31.00\0\0\0\0\0', '2015-10-02 00:30:03'),
(189, 1, 2, 3, '22.010;31.39\0\0\0\0', '2015-10-02 01:30:03'),
(190, 1, 2, 3, '21.79;31.50\0\0\0\0\0', '2015-10-02 02:30:03'),
(191, 1, 2, 3, '21.60;31.60\0\0\0\0\0', '2015-10-02 03:30:04'),
(192, 1, 2, 3, '21.29;31.50\0\0\0\0\0', '2015-10-02 04:30:03'),
(193, 1, 2, 3, '21.00;31.50\0\0\0\0\0', '2015-10-02 05:30:03'),
(194, 1, 2, 3, '20.70;31.50\0\0\0\0\0', '2015-10-02 06:30:03'),
(195, 1, 2, 3, '20.60;31.39\0\0\0\0\0', '2015-10-02 07:30:03'),
(196, 1, 2, 3, '20.50;32.09\0\0\0\0\0', '2015-10-02 08:30:03'),
(197, 1, 2, 3, '20.29;32.00\0\0\0\0\0', '2015-10-02 09:30:03'),
(198, 1, 2, 3, '21.70;29.70\0\0\0\0\0', '2015-10-02 10:30:03'),
(199, 1, 2, 3, '23.70;29.29\0\0\0\0\0', '2015-10-02 11:30:03'),
(200, 1, 2, 3, '25.50;27.89\0\0\0\0\0', '2015-10-02 12:30:03'),
(201, 1, 2, 3, '26.89;26.89\0\0\0\0\0', '2015-10-02 13:30:03'),
(202, 1, 2, 3, '28.010;26.50\0\0\0\0', '2015-10-02 14:30:03'),
(203, 1, 2, 3, '28.79;25.39\0\0\0\0\0', '2015-10-02 15:30:03'),
(204, 1, 2, 3, '30.00;24.00\0\0\0\0\0', '2015-10-02 16:30:03'),
(205, 1, 2, 3, '30.010;23.39\0\0\0\0', '2015-10-02 17:30:03'),
(206, 1, 2, 3, '33.09;15.30\0\0\0\0\0', '2015-10-02 18:30:03'),
(207, 1, 2, 3, '25.70;33.90\0\0\0\0\0', '2015-10-02 19:30:03'),
(208, 1, 2, 3, '25.00;37.79\0\0\0\0\0', '2015-10-02 20:30:03'),
(209, 1, 2, 3, '24.39;39.29\0\0\0\0\0', '2015-10-02 21:30:03'),
(210, 1, 2, 3, '23.79;39.70\0\0\0\0\0', '2015-10-02 22:30:04'),
(211, 1, 2, 3, '23.50;40.29\0\0\0\0\0', '2015-10-02 23:30:04'),
(212, 1, 2, 3, 'error;timeout', '2015-10-06 19:50:07'),
(213, 1, 2, 3, 'error;timeout', '2015-10-06 19:54:24'),
(214, 1, 4, 3, 'error;timeout', '2015-10-06 19:54:37'),
(215, 1, 2, 3, 'error;timeout', '2015-10-06 19:55:56'),
(216, 1, 2, 3, 'error;timeout', '2015-10-06 20:02:41'),
(217, 1, 2, 3, 'error;timeout', '2015-10-06 20:06:58'),
(218, 1, 2, 3, 'error;timeout', '2015-10-06 20:07:12'),
(219, 1, 4, 3, 'error;timeout', '2015-10-06 20:07:23'),
(220, 1, 2, 3, 'error;timeout', '2015-10-09 19:00:07'),
(221, 1, 2, 3, 'error;timeout', '2015-10-09 19:08:07'),
(222, 1, 2, 3, 'error;timeout', '2015-10-09 19:21:31'),
(223, 1, 2, 3, 'error;timeout', '2015-10-09 19:27:29'),
(224, 1, 2, 3, 'error;timeout', '2015-10-09 20:00:06'),
(225, 1, 2, 3, '24.20;51.09\0\0\0\0\0', '2015-10-09 20:09:28'),
(226, 1, 4, 3, '23.00;38.90\0\0\0\0\0', '2015-10-09 20:09:39'),
(227, 1, 2, 3, '24.010;54.29\0\0\0\0', '2015-10-09 20:30:03'),
(228, 1, 2, 3, '22.60;56.90\0\0\0\0\0', '2015-10-09 21:00:03'),
(229, 1, 2, 3, '22.60;56.90\0\0\0\0\0', '2015-10-09 21:30:03'),
(230, 1, 2, 3, '22.50;57.09\0\0\0\0\0', '2015-10-09 22:00:03'),
(231, 1, 2, 3, '22.50;57.20\0\0\0\0\0', '2015-10-09 22:30:03'),
(232, 1, 4, 3, 'error;timeout', '2015-10-09 22:54:34'),
(233, 1, 4, 3, '20.010;41.90\0\0\0\0', '2015-10-09 22:54:52'),
(234, 1, 4, 3, '20.010;42.00\0\0\0\0', '2015-10-09 22:55:03'),
(235, 1, 2, 3, '22.39;55.90\0\0\0\0\0', '2015-10-09 23:00:06'),
(236, 1, 2, 3, '22.39;56.20\0\0\0\0\0', '2015-10-09 23:30:04'),
(237, 1, 2, 3, '22.010;56.70\0\0\0\0', '2015-10-10 00:00:03'),
(238, 1, 4, 3, 'error;timeout', '2015-10-10 00:06:43'),
(239, 1, 4, 3, 'error;timeout', '2015-10-10 00:07:03'),
(240, 1, 4, 3, '20.00;43.59\0\0\0\0\0', '2015-10-10 00:11:59'),
(241, 1, 2, 3, '21.89;56.59\0\0\0\0\0', '2015-10-10 00:30:06'),
(242, 1, 2, 3, '21.60;56.40\0\0\0\0\0', '2015-10-10 01:00:04'),
(243, 1, 2, 3, '21.50;56.20\0\0\0\0\0', '2015-10-10 01:30:03'),
(244, 1, 2, 3, '21.29;56.09\0\0\0\0\0', '2015-10-10 02:00:03'),
(245, 1, 2, 3, '21.20;56.00\0\0\0\0\0', '2015-10-10 02:30:04'),
(246, 1, 2, 3, '21.010;56.00\0\0\0\0', '2015-10-10 03:00:03'),
(247, 1, 2, 3, '21.00;55.90\0\0\0\0\0', '2015-10-10 03:30:03'),
(248, 1, 2, 3, '20.89;55.90\0\0\0\0\0', '2015-10-10 04:00:04'),
(249, 1, 2, 3, '20.79;55.79\0\0\0\0\0', '2015-10-10 04:30:03'),
(250, 1, 2, 3, '20.70;55.70\0\0\0\0\0', '2015-10-10 05:00:04'),
(251, 1, 2, 3, '20.70;55.70\0\0\0\0\0', '2015-10-10 05:30:03'),
(252, 1, 2, 3, '20.60;55.59\0\0\0\0\0', '2015-10-10 06:00:03'),
(253, 1, 2, 3, '20.50;55.59\0\0\0\0\0', '2015-10-10 06:30:03'),
(254, 1, 2, 3, '20.39;55.59\0\0\0\0\0', '2015-10-10 07:00:03'),
(255, 1, 2, 3, '20.29;55.59\0\0\0\0\0', '2015-10-10 07:30:03'),
(256, 1, 2, 3, '20.20;55.50\0\0\0\0\0', '2015-10-10 08:00:03'),
(257, 1, 2, 3, '20.010;55.29\0\0\0\0', '2015-10-10 08:30:03'),
(258, 1, 2, 3, '20.00;55.09\0\0\0\0\0', '2015-10-10 09:00:03'),
(259, 1, 2, 3, '20.010;54.79\0\0\0\0', '2015-10-10 09:30:03'),
(260, 1, 4, 3, '20.50;41.59\0\0\0\0\0', '2015-10-10 09:44:34'),
(261, 1, 2, 3, '20.00;54.59\0\0\0\0\0', '2015-10-10 10:00:06'),
(262, 1, 4, 3, '20.010;38.79\0\0\0\0', '2015-10-10 10:30:03'),
(263, 1, 2, 3, '20.20;55.29\0\0\0\0\0', '2015-10-10 11:30:07'),
(264, 1, 4, 3, '20.70;37.20\0\0\0\0\0', '2015-10-10 11:30:08'),
(265, 1, 2, 3, '20.79;53.79\0\0\0\0\0', '2015-10-10 12:30:06'),
(266, 1, 4, 3, '20.60;37.70\0\0\0\0\0', '2015-10-10 12:30:07'),
(267, 1, 2, 3, '23.00;50.09\0\0\0\0\0', '2015-10-10 13:30:06'),
(268, 1, 4, 3, '20.60;36.50\0\0\0\0\0', '2015-10-10 13:30:08'),
(269, 1, 2, 3, '25.29;45.70\0\0\0\0\0', '2015-10-10 14:30:07'),
(270, 1, 4, 3, '20.79;34.20\0\0\0\0\0', '2015-10-10 14:30:08'),
(271, 1, 2, 3, '25.39;45.00\0\0\0\0\0', '2015-10-10 15:30:06'),
(272, 1, 4, 3, '21.010;33.50\0\0\0\0', '2015-10-10 15:30:08'),
(273, 1, 2, 3, '27.29;41.40\0\0\0\0\0', '2015-10-10 16:30:06'),
(274, 1, 4, 3, '21.89;31.20\0\0\0\0\0', '2015-10-10 16:30:08'),
(275, 1, 2, 3, '27.29;39.90\0\0\0\0\0', '2015-10-10 17:30:06'),
(276, 1, 4, 3, '22.89;29.39\0\0\0\0\0', '2015-10-10 17:30:07'),
(277, 1, 2, 3, '29.50;34.70\0\0\0\0\0', '2015-10-10 18:30:06'),
(278, 1, 4, 3, '23.50;29.39\0\0\0\0\0', '2015-10-10 18:30:08'),
(279, 1, 2, 3, '23.29;46.70\0\0\0\0\0', '2015-10-10 19:30:06'),
(280, 1, 4, 3, '23.70;28.20\0\0\0\0\0', '2015-10-10 19:30:08'),
(281, 1, 2, 3, '22.20;47.79\0\0\0\0\0', '2015-10-10 20:30:06'),
(282, 1, 4, 3, '22.89;28.50\0\0\0\0\0', '2015-10-10 20:30:08'),
(283, 1, 2, 3, '21.60;48.29\0\0\0\0\0', '2015-10-10 21:30:06'),
(284, 1, 4, 3, '22.29;28.70\0\0\0\0\0', '2015-10-10 21:30:08'),
(285, 1, 2, 3, '21.20;48.50\0\0\0\0\0', '2015-10-10 22:30:06'),
(286, 1, 4, 3, '21.79;29.01021.7', '2015-10-10 22:30:08'),
(287, 1, 2, 3, '21.010;49.20\0\0\0\0', '2015-10-10 23:30:07'),
(288, 1, 4, 3, '21.20;30.00\0\0\0\0\0', '2015-10-10 23:30:08'),
(289, 1, 2, 3, '21.00;49.50\0\0\0\0\0', '2015-10-11 00:30:06'),
(290, 1, 4, 3, '21.00;30.20\0\0\0\0\0', '2015-10-11 00:30:07'),
(291, 1, 2, 3, '20.79;49.50\0\0\0\0\0', '2015-10-11 01:30:06'),
(292, 1, 4, 3, '20.70;29.39\0\0\0\0\0', '2015-10-11 01:30:08'),
(293, 1, 2, 3, 'error;timeout', '2015-10-11 02:30:09'),
(294, 1, 4, 3, '20.60;29.50\0\0\0\0\0', '2015-10-11 02:30:14'),
(295, 1, 2, 3, 'error;timeout', '2015-10-11 03:30:09'),
(296, 1, 4, 3, '20.60;28.50\0\0\0\0\0', '2015-10-11 03:30:13'),
(297, 1, 2, 3, 'error;timeout', '2015-10-11 04:30:08'),
(298, 1, 4, 3, '20.29;29.01020.2', '2015-10-11 04:30:13'),
(299, 1, 2, 3, 'error;timeout', '2015-10-11 05:30:09'),
(300, 1, 4, 3, '19.70;29.60\0\0\0\0\0', '2015-10-11 05:30:14'),
(301, 1, 2, 3, 'error;timeout', '2015-10-11 06:30:08'),
(302, 1, 4, 3, '19.50;29.29\0\0\0\0\0', '2015-10-11 06:30:13'),
(303, 1, 2, 3, 'error;timeout', '2015-10-11 07:30:09'),
(304, 1, 4, 3, '19.50;28.60\0\0\0\0\0', '2015-10-11 07:30:13'),
(305, 1, 2, 3, 'error;timeout', '2015-10-11 08:30:09'),
(306, 1, 4, 3, '19.29;28.29\0\0\0\0\0', '2015-10-11 08:30:14'),
(307, 1, 2, 3, 'error;timeout', '2015-10-11 09:30:09'),
(308, 1, 4, 3, '19.010;28.00\0\0\0\0', '2015-10-11 09:30:13'),
(309, 1, 2, 3, 'error;timeout', '2015-10-11 10:30:09'),
(310, 1, 4, 3, '19.00;27.79\0\0\0\0\0', '2015-10-11 10:30:14'),
(311, 1, 2, 3, 'error;timeout', '2015-10-11 11:30:09'),
(312, 1, 4, 3, '18.70;27.50\0\0\0\0\0', '2015-10-11 11:30:14'),
(313, 1, 2, 3, 'error;timeout', '2015-10-11 12:30:09'),
(314, 1, 4, 3, '18.89;26.29\0\0\0\0\0', '2015-10-11 12:30:14'),
(315, 1, 2, 3, 'error;timeout', '2015-10-11 13:30:08'),
(316, 1, 4, 3, '19.39;25.00\0\0\0\0\0', '2015-10-11 13:30:13'),
(317, 1, 2, 3, 'error;timeout', '2015-10-11 14:30:09'),
(318, 1, 4, 3, '19.60;25.00\0\0\0\0\0', '2015-10-11 14:30:13'),
(319, 1, 2, 3, '24.60;36.70\0\0\0\0\0', '2015-10-11 15:30:03'),
(320, 1, 4, 3, '20.00;25.29\0\0\0\0\0', '2015-10-11 15:30:08'),
(321, 1, 2, 3, '24.79;28.00\0\0\0\0\0', '2015-10-11 16:30:04'),
(322, 1, 4, 3, '20.60;24.79\0\0\0\0\0', '2015-10-11 16:30:08'),
(323, 1, 2, 3, '24.79;26.60\0\0\0\0\0', '2015-10-11 17:30:03'),
(324, 1, 4, 3, '22.00;22.20\0\0\0\0\0', '2015-10-11 17:30:08'),
(325, 1, 2, 3, '27.50;24.60\0\0\0\0\0', '2015-10-11 18:30:03'),
(326, 1, 4, 3, '23.010;23.39\0\0\0\0', '2015-10-11 18:30:08'),
(327, 1, 2, 3, '20.79;31.60\0\0\0\0\0', '2015-10-11 19:30:03'),
(328, 1, 4, 3, '22.60;20.01022.6', '2015-10-11 19:30:08'),
(329, 1, 2, 3, '19.70;32.09\0\0\0\0\0', '2015-10-11 20:30:04'),
(330, 1, 4, 3, '20.79;20.79\0\0\0\0\0', '2015-10-11 20:30:09'),
(331, 1, 2, 3, '20.39;35.00\0\0\0\0\0', '2015-10-11 21:30:03'),
(332, 1, 4, 3, '19.79;21.60\0\0\0\0\0', '2015-10-11 21:30:07'),
(333, 1, 2, 3, '20.20;36.40\0\0\0\0\0', '2015-10-11 22:30:03'),
(334, 1, 4, 3, '19.50;21.01019.5', '2015-10-11 22:30:07'),
(335, 1, 2, 3, '19.70;37.59\0\0\0\0\0', '2015-10-11 23:30:03'),
(336, 1, 4, 3, '19.29;23.60\0\0\0\0\0', '2015-10-11 23:30:08'),
(337, 1, 2, 3, '19.20;38.29\0\0\0\0\0', '2015-10-12 00:30:03'),
(338, 1, 4, 3, '19.010;24.79\0\0\0\0', '2015-10-12 00:30:08'),
(339, 1, 2, 3, '18.89;38.79\0\0\0\0\0', '2015-10-12 01:30:03'),
(340, 1, 4, 3, '18.89;25.39\0\0\0\0\0', '2015-10-12 01:30:07'),
(341, 1, 2, 3, '18.50;39.09\0\0\0\0\0', '2015-10-12 02:30:03'),
(342, 1, 4, 3, '18.50;25.60\0\0\0\0\0', '2015-10-12 02:30:08'),
(343, 1, 2, 3, '18.29;39.40\0\0\0\0\0', '2015-10-12 03:30:03'),
(344, 1, 4, 3, '18.010;26.29\0\0\0\0', '2015-10-12 03:30:08'),
(345, 1, 2, 3, '18.00;39.50\0\0\0\0\0', '2015-10-12 04:30:04'),
(346, 1, 4, 3, '18.00;26.50\0\0\0\0\0', '2015-10-12 04:30:08'),
(347, 1, 2, 3, '17.60;39.59\0\0\0\0\0', '2015-10-12 05:30:03'),
(348, 1, 4, 3, '18.00;26.01018.0', '2015-10-12 05:30:08'),
(349, 1, 2, 3, '17.29;39.70\0\0\0\0\0', '2015-10-12 06:30:03'),
(350, 1, 4, 3, '17.39;26.60\0\0\0\0\0', '2015-10-12 06:30:08'),
(351, 1, 2, 3, '17.00;39.70\0\0\0\0\0', '2015-10-12 07:30:04'),
(352, 1, 4, 3, '17.20;26.79\0\0\0\0\0', '2015-10-12 07:30:08'),
(353, 1, 2, 3, '16.89;40.70\0\0\0\0\0', '2015-10-12 08:30:03'),
(354, 1, 4, 3, '17.39;26.39\0\0\0\0\0', '2015-10-12 08:30:07'),
(355, 1, 2, 3, '17.00;41.20\0\0\0\0\0', '2015-10-12 09:30:03'),
(356, 1, 4, 3, '17.20;27.20\0\0\0\0\0', '2015-10-12 09:30:07'),
(357, 1, 2, 3, '17.29;40.09\0\0\0\0\0', '2015-10-12 10:30:03'),
(358, 1, 4, 3, '17.010;27.50\0\0\0\0', '2015-10-12 10:30:08'),
(359, 1, 2, 3, '17.79;39.29\0\0\0\0\0', '2015-10-12 11:30:03'),
(360, 1, 4, 3, '17.010;27.89\0\0\0\0', '2015-10-12 11:30:08'),
(361, 1, 2, 3, '19.70;38.20\0\0\0\0\0', '2015-10-12 12:30:03'),
(362, 1, 4, 3, '17.010;27.79\0\0\0\0', '2015-10-12 12:30:08'),
(363, 1, 2, 3, '20.20;38.09\0\0\0\0\0', '2015-10-12 13:30:06'),
(364, 1, 4, 3, '17.20;27.00\0\0\0\0\0', '2015-10-12 13:30:11'),
(365, 1, 2, 3, '21.20;37.40\0\0\0\0\0', '2015-10-12 14:30:03'),
(366, 1, 4, 3, '17.70;26.39\0\0\0\0\0', '2015-10-12 14:30:05'),
(367, 1, 2, 3, '19.39;38.59\0\0\0\0\0', '2015-10-12 15:30:03'),
(368, 1, 4, 3, '17.50;26.29\0\0\0\0\0', '2015-10-12 15:30:04'),
(369, 1, 2, 3, '19.010;38.50\0\0\0\0', '2015-10-12 16:30:03'),
(370, 1, 4, 3, '17.60;25.70\0\0\0\0\0', '2015-10-12 16:30:05'),
(371, 1, 2, 3, '19.70;37.09\0\0\0\0\0', '2015-10-12 17:30:06'),
(372, 1, 4, 3, '18.29;26.20\0\0\0\0\0', '2015-10-12 17:30:08'),
(373, 1, 2, 3, '26.70;28.60\0\0\0\0\0', '2015-10-12 18:30:06'),
(374, 1, 4, 3, '20.70;23.29\0\0\0\0\0', '2015-10-12 18:30:08'),
(375, 1, 2, 3, '19.29;42.40\0\0\0\0\0', '2015-10-12 19:30:07'),
(376, 1, 4, 3, '21.20;24.20\0\0\0\0\0', '2015-10-12 19:30:10'),
(377, 1, 2, 3, '18.50;43.29\0\0\0\0\0', '2015-10-12 20:30:06'),
(378, 1, 4, 3, 'error;timeout', '2015-10-12 20:30:14'),
(379, 1, 2, 3, '18.010;44.50\0\0\0\0', '2015-10-12 21:30:06'),
(380, 1, 4, 3, '19.20;26.01019.2', '2015-10-12 21:30:11'),
(381, 1, 2, 3, '18.010;44.70\0\0\0\0', '2015-10-12 22:30:03'),
(382, 1, 4, 3, '18.89;26.50\0\0\0\0\0', '2015-10-12 22:30:08'),
(383, 1, 2, 3, '17.50;44.20\0\0\0\0\0', '2015-10-12 23:30:03'),
(384, 1, 4, 3, '18.010;26.89\0\0\0\0', '2015-10-12 23:30:07'),
(385, 1, 2, 3, '17.010;43.70\0\0\0\0', '2015-10-13 00:30:03'),
(386, 1, 4, 3, '17.89;27.01017.8', '2015-10-13 00:30:08'),
(387, 1, 2, 3, '16.79;42.90\0\0\0\0\0', '2015-10-13 01:30:04'),
(388, 1, 4, 3, '17.89;26.60\0\0\0\0\0', '2015-10-13 01:30:09'),
(389, 1, 2, 3, '16.50;42.79\0\0\0\0\0', '2015-10-13 02:30:03'),
(390, 1, 4, 3, '17.79;26.50\0\0\0\0\0', '2015-10-13 02:30:08'),
(391, 1, 2, 3, '16.20;42.59\0\0\0\0\0', '2015-10-13 03:30:03'),
(392, 1, 4, 3, '17.39;27.60\0\0\0\0\0', '2015-10-13 03:30:08'),
(393, 1, 2, 3, '16.20;42.40\0\0\0\0\0', '2015-10-13 04:30:04'),
(394, 1, 4, 3, '17.20;27.70\0\0\0\0\0', '2015-10-13 04:30:08'),
(395, 1, 2, 3, '16.010;42.29\0\0\0\0', '2015-10-13 05:30:03'),
(396, 1, 4, 3, '17.00;27.60\0\0\0\0\0', '2015-10-13 05:30:08'),
(397, 1, 2, 3, '16.010;42.09\0\0\0\0', '2015-10-13 06:30:03'),
(398, 1, 4, 3, '17.010;27.01017.', '2015-10-13 06:30:08'),
(399, 1, 2, 3, '16.010;41.79\0\0\0\0', '2015-10-13 07:30:03'),
(400, 1, 4, 3, '17.010;27.00\0\0\0\0', '2015-10-13 07:30:08'),
(401, 1, 2, 3, '16.29;43.40\0\0\0\0\0', '2015-10-13 08:30:06'),
(402, 1, 4, 3, 'error;timeout', '2015-10-13 08:30:13'),
(403, 1, 2, 3, '16.010;42.79\0\0\0\0', '2015-10-13 09:30:06'),
(404, 1, 4, 3, 'error;timeout', '2015-10-13 09:30:14'),
(405, 1, 2, 3, '16.70;40.70\0\0\0\0\0', '2015-10-13 10:30:06'),
(406, 1, 4, 3, 'error;timeout', '2015-10-13 10:30:13'),
(407, 1, 2, 3, '16.39;41.00\0\0\0\0\0', '2015-10-13 11:30:06'),
(408, 1, 4, 3, 'error;timeout', '2015-10-13 11:30:13'),
(409, 1, 2, 3, '16.010;40.70\0\0\0\0', '2015-10-13 12:30:06'),
(410, 1, 4, 3, 'error;timeout', '2015-10-13 12:30:13'),
(411, 1, 2, 3, '16.29;40.20\0\0\0\0\0', '2015-10-13 13:30:06'),
(412, 1, 4, 3, 'error;timeout', '2015-10-13 13:30:14'),
(413, 1, 2, 3, '16.20;40.00\0\0\0\0\0', '2015-10-13 14:30:06'),
(414, 1, 4, 3, 'error;timeout', '2015-10-13 14:30:13'),
(415, 1, 2, 3, '16.29;40.00\0\0\0\0\0', '2015-10-13 15:30:06'),
(416, 1, 4, 3, 'error;timeout', '2015-10-13 15:30:13'),
(417, 1, 2, 3, '16.20;39.79\0\0\0\0\0', '2015-10-13 16:30:06'),
(418, 1, 4, 3, 'error;timeout', '2015-10-13 16:30:13'),
(419, 1, 2, 3, '16.29;39.70\0\0\0\0\0', '2015-10-13 17:30:06'),
(420, 1, 4, 3, 'error;timeout', '2015-10-13 17:30:13'),
(421, 1, 2, 3, '16.29;40.00\0\0\0\0\0', '2015-10-13 18:30:06'),
(422, 1, 4, 3, 'error;timeout', '2015-10-13 18:30:13'),
(423, 1, 2, 3, '16.20;40.29\0\0\0\0\0', '2015-10-13 19:30:06'),
(424, 1, 4, 3, 'error;timeout', '2015-10-13 19:30:14'),
(425, 1, 2, 3, '16.010;40.79\0\0\0\0', '2015-10-13 20:30:06'),
(426, 1, 4, 3, 'error;timeout', '2015-10-13 20:30:13'),
(427, 1, 2, 3, '16.29;41.50\0\0\0\0\0', '2015-10-13 21:30:06'),
(428, 1, 4, 3, 'error;timeout', '2015-10-13 21:30:12'),
(429, 1, 2, 3, '16.29;43.20\0\0\0\0\0', '2015-10-13 22:30:06'),
(430, 1, 4, 3, 'error;timeout', '2015-10-13 22:30:13'),
(431, 1, 2, 3, '18.29;41.29\0\0\0\0\0', '2015-10-13 23:30:06'),
(432, 1, 4, 3, 'error;timeout', '2015-10-13 23:30:14'),
(433, 1, 2, 3, '19.20;40.70\0\0\0\0\0', '2015-10-14 00:30:06'),
(434, 1, 4, 3, 'error;timeout', '2015-10-14 00:30:12'),
(435, 1, 2, 3, '18.20;42.00\0\0\0\0\0', '2015-10-14 01:30:06'),
(436, 1, 4, 3, 'error;timeout', '2015-10-14 01:30:13'),
(437, 1, 2, 3, '16.70;43.59\0\0\0\0\0', '2015-10-14 02:30:06'),
(438, 1, 4, 3, 'error;timeout', '2015-10-14 02:30:13'),
(439, 1, 2, 3, '16.50;43.29\0\0\0\0\0', '2015-10-14 03:30:06'),
(440, 1, 4, 3, 'error;timeout', '2015-10-14 03:30:13'),
(441, 1, 2, 3, '16.50;43.00\0\0\0\0\0', '2015-10-14 04:30:06'),
(442, 1, 4, 3, 'error;timeout', '2015-10-14 04:30:13'),
(443, 1, 2, 3, '16.50;43.00\0\0\0\0\0', '2015-10-14 05:30:06'),
(444, 1, 4, 3, 'error;timeout', '2015-10-14 05:30:13'),
(445, 1, 2, 3, '16.60;43.00\0\0\0\0\0', '2015-10-14 06:30:06'),
(446, 1, 4, 3, 'error;timeout', '2015-10-14 06:30:13'),
(447, 1, 2, 3, '16.50;43.20\0\0\0\0\0', '2015-10-14 07:30:07'),
(448, 1, 4, 3, 'error;timeout', '2015-10-14 07:30:14'),
(449, 1, 2, 3, '16.60;43.59\0\0\0\0\0', '2015-10-14 08:30:06'),
(450, 1, 4, 3, 'error;timeout', '2015-10-14 08:30:13'),
(451, 1, 2, 3, '16.60;44.00\0\0\0\0\0', '2015-10-14 09:30:06'),
(452, 1, 4, 3, 'error;timeout', '2015-10-14 09:30:13'),
(453, 1, 2, 3, '16.60;44.50\0\0\0\0\0', '2015-10-14 10:30:06'),
(454, 1, 4, 3, 'error;timeout', '2015-10-14 10:30:14'),
(455, 1, 2, 3, '17.60;45.59\0\0\0\0\0', '2015-10-14 11:30:07'),
(456, 1, 4, 3, 'error;timeout', '2015-10-14 11:30:14'),
(457, 1, 2, 3, '20.010;40.40\0\0\0\0', '2015-10-14 12:30:06'),
(458, 1, 4, 3, 'error;timeout', '2015-10-14 12:30:13'),
(459, 1, 2, 3, '21.89;40.00\0\0\0\0\0', '2015-10-14 13:30:07'),
(460, 1, 4, 3, 'error;timeout', '2015-10-14 13:30:14'),
(461, 1, 2, 3, '20.39;43.20\0\0\0\0\0', '2015-10-14 14:30:07'),
(462, 1, 4, 3, 'error;timeout', '2015-10-14 14:30:14'),
(463, 1, 2, 3, '20.50;45.09\0\0\0\0\0', '2015-10-14 15:30:06'),
(464, 1, 4, 3, 'error;timeout', '2015-10-14 15:30:13'),
(465, 1, 2, 3, 'error;timeout', '2015-10-14 16:30:08'),
(466, 1, 4, 3, 'error;timeout', '2015-10-14 16:30:15'),
(467, 1, 2, 3, 'error;timeout', '2015-10-14 17:30:09'),
(468, 1, 4, 3, 'error;timeout', '2015-10-14 17:30:16'),
(469, 1, 2, 3, 'error;timeout', '2015-10-14 18:30:09'),
(470, 1, 4, 3, 'error;timeout', '2015-10-14 18:30:15'),
(471, 1, 2, 3, 'error;timeout', '2015-10-14 19:30:08'),
(472, 1, 4, 3, 'error;timeout', '2015-10-14 19:30:16'),
(473, 1, 2, 3, 'error;timeout', '2015-10-14 20:30:09'),
(474, 1, 4, 3, 'error;timeout', '2015-10-14 20:30:16'),
(475, 1, 2, 3, 'error;timeout', '2015-10-14 21:30:08'),
(476, 1, 4, 3, 'error;timeout', '2015-10-14 21:30:16'),
(477, 1, 2, 3, 'error;timeout', '2015-10-14 22:30:09'),
(478, 1, 4, 3, 'error;timeout', '2015-10-14 22:30:16'),
(479, 1, 2, 3, 'error;timeout', '2015-10-14 23:30:09'),
(480, 1, 4, 3, 'error;timeout', '2015-10-14 23:30:16'),
(481, 1, 2, 3, 'error;timeout', '2015-10-15 00:30:09'),
(482, 1, 4, 3, 'error;timeout', '2015-10-15 00:30:16'),
(483, 1, 2, 3, 'error;timeout', '2015-10-15 01:30:08'),
(484, 1, 4, 3, 'error;timeout', '2015-10-15 01:30:15'),
(485, 1, 2, 3, 'error;timeout', '2015-10-15 02:30:08'),
(486, 1, 4, 3, 'error;timeout', '2015-10-15 02:30:15'),
(487, 1, 2, 3, 'error;timeout', '2015-10-15 03:30:09'),
(488, 1, 4, 3, 'error;timeout', '2015-10-15 03:30:16'),
(489, 1, 2, 3, 'error;timeout', '2015-10-15 04:30:09'),
(490, 1, 4, 3, 'error;timeout', '2015-10-15 04:30:17'),
(491, 1, 2, 3, 'error;timeout', '2015-10-15 05:30:09'),
(492, 1, 4, 3, 'error;timeout', '2015-10-15 05:30:16'),
(493, 1, 2, 3, 'error;timeout', '2015-10-15 06:30:09'),
(494, 1, 4, 3, 'error;timeout', '2015-10-15 06:30:16'),
(495, 1, 2, 3, 'error;timeout', '2015-10-15 07:30:09'),
(496, 1, 4, 3, 'error;timeout', '2015-10-15 07:30:16'),
(497, 1, 2, 3, 'error;timeout', '2015-10-15 08:30:09'),
(498, 1, 4, 3, 'error;timeout', '2015-10-15 08:30:16'),
(499, 1, 2, 3, 'error;timeout', '2015-10-15 09:30:09'),
(500, 1, 4, 3, 'error;timeout', '2015-10-15 09:30:16'),
(501, 1, 2, 3, 'error;timeout', '2015-10-15 10:30:09'),
(502, 1, 4, 3, 'error;timeout', '2015-10-15 10:30:16'),
(503, 1, 2, 3, 'error;timeout', '2015-10-15 11:30:09'),
(504, 1, 4, 3, 'error;timeout', '2015-10-15 11:30:16'),
(505, 1, 2, 3, 'error;timeout', '2015-10-15 12:30:08'),
(506, 1, 4, 3, 'error;timeout', '2015-10-15 12:30:16'),
(507, 1, 2, 3, 'error;timeout', '2015-10-15 13:30:09'),
(508, 1, 4, 3, 'error;timeout', '2015-10-15 13:30:16'),
(509, 1, 2, 3, 'error;timeout', '2015-10-15 14:30:08'),
(510, 1, 4, 3, 'error;timeout', '2015-10-15 14:30:15'),
(511, 1, 2, 3, 'error;timeout', '2015-10-15 15:30:09'),
(512, 1, 4, 3, 'error;timeout', '2015-10-15 15:30:17'),
(513, 1, 2, 3, 'error;timeout', '2015-10-15 16:30:09'),
(514, 1, 4, 3, 'error;timeout', '2015-10-15 16:30:16'),
(515, 1, 2, 3, 'error;timeout', '2015-10-15 17:30:09'),
(516, 1, 4, 3, 'error;timeout', '2015-10-15 17:30:16'),
(517, 1, 2, 3, 'error;timeout', '2015-10-15 18:30:09'),
(518, 1, 4, 3, 'error;timeout', '2015-10-15 18:30:16'),
(519, 1, 2, 3, 'error;timeout', '2015-10-15 19:30:09'),
(520, 1, 4, 3, 'error;timeout', '2015-10-15 19:30:16'),
(521, 1, 2, 3, 'error;timeout', '2015-10-15 20:30:08'),
(522, 1, 4, 3, 'error;timeout', '2015-10-15 20:30:15'),
(523, 1, 2, 3, 'error;timeout', '2015-10-15 21:30:09'),
(524, 1, 4, 3, 'error;timeout', '2015-10-15 21:30:16'),
(525, 1, 2, 3, 'error;timeout', '2015-10-15 22:30:09'),
(526, 1, 4, 3, 'error;timeout', '2015-10-15 22:30:16'),
(527, 1, 2, 3, 'error;timeout', '2015-10-15 23:30:09'),
(528, 1, 4, 3, 'error;timeout', '2015-10-15 23:30:16'),
(529, 1, 2, 3, 'error;timeout', '2015-10-16 00:30:08'),
(530, 1, 4, 3, 'error;timeout', '2015-10-16 00:30:16'),
(531, 1, 2, 3, 'error;timeout', '2015-10-16 01:30:09'),
(532, 1, 4, 3, 'error;timeout', '2015-10-16 01:30:16'),
(533, 1, 2, 3, 'error;timeout', '2015-10-16 02:30:09'),
(534, 1, 4, 3, 'error;timeout', '2015-10-16 02:30:16'),
(535, 1, 2, 3, 'error;timeout', '2015-10-16 03:30:09'),
(536, 1, 4, 3, 'error;timeout', '2015-10-16 03:30:16'),
(537, 1, 2, 3, 'error;timeout', '2015-10-16 04:30:09'),
(538, 1, 4, 3, 'error;timeout', '2015-10-16 04:30:15'),
(539, 1, 2, 3, 'error;timeout', '2015-10-16 05:30:08'),
(540, 1, 4, 3, 'error;timeout', '2015-10-16 05:30:16'),
(541, 1, 2, 3, 'error;timeout', '2015-10-16 06:30:08'),
(542, 1, 4, 3, 'error;timeout', '2015-10-16 06:30:16'),
(543, 1, 2, 3, 'error;timeout', '2015-10-16 07:30:08'),
(544, 1, 4, 3, 'error;timeout', '2015-10-16 07:30:15'),
(545, 1, 2, 3, 'error;timeout', '2015-10-16 08:30:09'),
(546, 1, 4, 3, 'error;timeout', '2015-10-16 08:30:15'),
(547, 1, 2, 3, 'error;timeout', '2015-10-16 09:30:08'),
(548, 1, 4, 3, 'error;timeout', '2015-10-16 09:30:16'),
(549, 1, 2, 3, 'error;timeout', '2015-10-16 10:30:09'),
(550, 1, 4, 3, 'error;timeout', '2015-10-16 10:30:16'),
(551, 1, 2, 3, 'error;timeout', '2015-10-16 11:30:08'),
(552, 1, 4, 3, 'error;timeout', '2015-10-16 11:30:15'),
(553, 1, 2, 3, 'error;timeout', '2015-10-16 12:30:09'),
(554, 1, 4, 3, 'error;timeout', '2015-10-16 12:30:15'),
(555, 1, 2, 3, 'error;timeout', '2015-10-16 13:30:09'),
(556, 1, 4, 3, 'error;timeout', '2015-10-16 13:30:17'),
(557, 1, 2, 3, 'error;timeout', '2015-10-16 14:30:09'),
(558, 1, 4, 3, 'error;timeout', '2015-10-16 14:30:16'),
(559, 1, 2, 3, 'error;timeout', '2015-10-16 15:30:08'),
(560, 1, 4, 3, 'error;timeout', '2015-10-16 15:30:17'),
(561, 1, 2, 3, 'error;timeout', '2015-10-16 16:30:09'),
(562, 1, 4, 3, 'error;timeout', '2015-10-16 16:30:16'),
(563, 1, 2, 3, 'error;timeout', '2015-10-16 17:30:08'),
(564, 1, 4, 3, 'error;timeout', '2015-10-16 17:30:15'),
(565, 1, 2, 3, 'error;timeout', '2015-10-16 18:30:09'),
(566, 1, 4, 3, 'error;timeout', '2015-10-16 18:30:16'),
(567, 1, 2, 3, 'error;timeout', '2015-10-16 19:30:08'),
(568, 1, 4, 3, 'error;timeout', '2015-10-16 19:30:15'),
(569, 1, 2, 3, 'error;timeout', '2015-10-16 20:30:09'),
(570, 1, 4, 3, 'error;timeout', '2015-10-16 20:30:16'),
(571, 1, 2, 3, 'error;timeout', '2015-10-17 15:15:11'),
(572, 1, 4, 3, 'error;timeout', '2015-10-17 15:15:19'),
(573, 1, 2, 3, '{"temp":19.50,"h', '2015-10-17 16:15:03'),
(574, 1, 4, 3, '{"temp":18.29,"h', '2015-10-17 16:15:04'),
(575, 1, 2, 3, '{"temp":18.29,"h', '2015-10-17 17:15:03'),
(576, 1, 4, 3, '{"temp":17.010,"', '2015-10-17 17:15:05'),
(577, 1, 2, 3, '{"temp":18.29,"h', '2015-10-17 18:15:04'),
(578, 1, 4, 3, '{"temp":16.79,"h', '2015-10-17 18:15:05'),
(579, 1, 2, 3, '{"temp":18.39,"hum":50.79}\0\0\0\0\0\0', '2015-10-17 19:15:04'),
(580, 1, 4, 3, '{"temp":16.79,"hum":38.50}\0\0\0\0\0\0', '2015-10-17 19:15:06'),
(581, 1, 2, 3, '{"temp":18.39,"hum":52.09}\0\0\0\0\0\0', '2015-10-17 20:15:03'),
(582, 1, 4, 3, '{"temp":16.89,"hum":38.20}\0\0\0\0\0\0', '2015-10-17 20:15:05'),
(583, 1, 2, 3, '{"temp":18.29,"hum":53.09}\0\0\0\0\0\0', '2015-10-17 21:15:03'),
(584, 1, 4, 3, '{"temp":16.79,"hum":38.20}\0\0\0\0\0\0', '2015-10-17 21:15:05'),
(585, 1, 2, 3, '{"temp":18.29,"hum":51.70}\0\0\0\0\0\0', '2015-10-17 22:15:03'),
(586, 1, 4, 3, '{"temp":16.70,"hum":38.29}\0\0\0\0\0\0', '2015-10-17 22:15:05'),
(587, 1, 2, 3, '{"temp":18.29,"hum":51.29}\0\0\0\0\0\0', '2015-10-17 23:15:03'),
(588, 1, 4, 3, '{"temp":16.70,"hum":37.70}\0\0\0\0\0\0', '2015-10-17 23:15:05'),
(589, 1, 2, 3, '{"temp":18.39,"hum":50.79}\0\0\0\0\0\0', '2015-10-18 00:15:03'),
(590, 1, 4, 3, '{"temp":16.70,"hum":37.50}\0\0\0\0\0\0', '2015-10-18 00:15:05'),
(591, 1, 2, 3, '{"temp":18.50,"hum":52.29}\0\0\0\0\0\0', '2015-10-18 01:15:04'),
(592, 1, 4, 3, '{"temp":16.60,"hum":37.90}\0\0\0\0\0\0', '2015-10-18 01:15:06'),
(593, 1, 2, 3, '{"temp":18.39,"hum":53.29}\0\0\0\0\0\0', '2015-10-18 02:15:04'),
(594, 1, 4, 3, '{"temp":16.79,"hum":37.90}\0\0\0\0\0\0', '2015-10-18 02:15:05'),
(595, 1, 2, 3, '{"temp":18.39,"hum":52.79}\0\0\0\0\0\0', '2015-10-18 03:15:03'),
(596, 1, 4, 3, '{"temp":17.00,"hum":38.29}\0\0\0\0\0\0', '2015-10-18 03:15:05'),
(597, 1, 2, 3, '{"temp":18.20,"hum":51.90}\0\0\0\0\0\0', '2015-10-18 04:15:03'),
(598, 1, 4, 3, '{"temp":16.50,"hum":37.70}\0\0\0\0\0\0', '2015-10-18 04:15:04'),
(599, 1, 2, 3, '{"temp":18.20,"hum":51.00}\0\0\0\0\0\0', '2015-10-18 05:15:03'),
(600, 1, 4, 3, '{"temp":16.50,"hum":37.09}\0\0\0\0\0\0', '2015-10-18 05:15:05'),
(601, 1, 2, 3, '{"temp":18.20,"hum":50.40}\0\0\0\0\0\0', '2015-10-18 06:15:03'),
(602, 1, 4, 3, '{"temp":16.60,"hum":36.09}\0\0\0\0\0\0', '2015-10-18 06:15:05'),
(603, 1, 2, 3, '{"temp":18.20,"hum":49.79}\0\0\0\0\0\0', '2015-10-18 07:15:03'),
(604, 1, 4, 3, '{"temp":16.39,"hum":35.40}\0\0\0\0\0\0', '2015-10-18 07:15:05'),
(605, 1, 2, 3, '{"temp":18.39,"hum":49.09}\0\0\0\0\0\0', '2015-10-18 08:15:03'),
(606, 1, 4, 3, '{"temp":16.20,"hum":34.79}\0\0\0\0\0\0', '2015-10-18 08:15:05'),
(607, 1, 2, 3, '{"temp":18.39,"hum":48.70}\0\0\0\0\0\0', '2015-10-18 09:15:04'),
(608, 1, 4, 3, '{"temp":16.39,"hum":33.79}\0\0\0\0\0\0', '2015-10-18 09:15:05'),
(609, 1, 2, 3, '{"temp":18.29,"hum":48.70}\0\0\0\0\0\0', '2015-10-18 10:15:03'),
(610, 1, 4, 3, '{"temp":16.29,"hum":34.40}\0\0\0\0\0\0', '2015-10-18 10:15:05'),
(611, 1, 2, 3, '{"temp":18.29,"hum":48.90}\0\0\0\0\0\0', '2015-10-18 11:15:03'),
(612, 1, 4, 3, '{"temp":16.29,"hum":35.40}\0\0\0\0\0\0', '2015-10-18 11:15:05'),
(613, 1, 2, 3, '{"temp":18.39,"hum":48.70}\0\0\0\0\0\0', '2015-10-18 12:15:03'),
(614, 1, 4, 3, '{"temp":16.50,"hum":35.79}\0\0\0\0\0\0', '2015-10-18 12:15:05'),
(615, 1, 2, 3, '{"temp":18.39,"hum":49.00}\0\0\0\0\0\0', '2015-10-18 13:15:03'),
(616, 1, 4, 3, '{"temp":16.39,"hum":36.70}\0\0\0\0\0\0', '2015-10-18 13:15:05'),
(617, 1, 2, 3, '{"temp":18.29,"hum":49.29}\0\0\0\0\0\0', '2015-10-18 14:15:03'),
(618, 1, 4, 3, '{"temp":16.29,"hum":37.29}\0\0\0\0\0\0', '2015-10-18 14:15:05'),
(619, 1, 2, 3, '{"temp":18.50,"hum":50.90}\0\0\0\0\0\0', '2015-10-18 15:15:04'),
(620, 1, 4, 3, '{"temp":16.50,"hum":38.09}\0\0\0\0\0\0', '2015-10-18 15:15:05'),
(621, 1, 2, 3, '{"temp":18.39,"hum":52.00}\0\0\0\0\0\0', '2015-10-18 16:15:03'),
(622, 1, 4, 3, '{"temp":15.60,"hum":39.79}\0\0\0\0\0\0', '2015-10-18 16:15:05'),
(623, 1, 2, 3, '{"temp":18.39,"hum":52.29}\0\0\0\0\0\0', '2015-10-18 17:15:03'),
(624, 1, 4, 3, '{"temp":16.29,"hum":40.00}\0\0\0\0\0\0', '2015-10-18 17:15:05'),
(625, 1, 2, 3, '{"temp":18.29,"hum":53.09}\0\0\0\0\0\0', '2015-10-18 18:15:03'),
(626, 1, 4, 3, '{"temp":16.29,"hum":39.90}\0\0\0\0\0\0', '2015-10-18 18:15:05'),
(627, 1, 2, 3, '{"temp":18.39,"hum":55.40}\0\0\0\0\0\0', '2015-10-18 19:15:03'),
(628, 1, 4, 3, '{"temp":16.70,"hum":44.29}\0\0\0\0\0\0', '2015-10-18 19:15:05'),
(629, 1, 2, 3, '{"temp":18.010,"hum":55.90}\0\0\0\0\0', '2015-10-18 20:15:03'),
(630, 1, 4, 3, '{"temp":16.39,"hum":41.70}\0\0\0\0\0\0', '2015-10-18 20:15:05'),
(631, 1, 2, 3, '{"temp":17.89,"hum":57.40}\0\0\0\0\0\0', '2015-10-18 21:15:04'),
(632, 1, 4, 3, '{"temp":16.60,"hum":42.20}\0\0\0\0\0\0', '2015-10-18 21:15:05'),
(633, 1, 2, 3, '{"temp":18.00,"hum":56.90}\0\0\0\0\0\0', '2015-10-18 22:15:03'),
(634, 1, 4, 3, '{"temp":16.60,"hum":41.40}\0\0\0\0\0\0', '2015-10-18 22:15:05'),
(635, 1, 2, 3, '{"temp":17.89,"hum":56.00}\0\0\0\0\0\0', '2015-10-18 23:15:03'),
(636, 1, 4, 3, '{"temp":16.39,"hum":43.90}\0\0\0\0\0\0', '2015-10-18 23:15:05'),
(637, 1, 2, 3, '{"temp":18.010,"hum":55.20}\0\0\0\0\0', '2015-10-19 00:15:04'),
(638, 1, 4, 3, '{"temp":16.39,"hum":42.79}\0\0\0\0\0\0', '2015-10-19 00:15:05'),
(639, 1, 2, 3, '{"temp":18.29,"hum":54.79}\0\0\0\0\0\0', '2015-10-19 01:15:03'),
(640, 1, 4, 3, '{"temp":16.70,"hum":42.00}\0\0\0\0\0\0', '2015-10-19 01:15:05'),
(641, 1, 2, 3, '{"temp":18.20,"hum":55.09}\0\0\0\0\0\0', '2015-10-19 02:15:03'),
(642, 1, 4, 3, '{"temp":16.50,"hum":43.90}\0\0\0\0\0\0', '2015-10-19 02:15:04'),
(643, 1, 2, 3, '{"temp":18.39,"hum":55.00}\0\0\0\0\0\0', '2015-10-19 03:15:04'),
(644, 1, 4, 3, '{"temp":16.39,"hum":45.00}\0\0\0\0\0\0', '2015-10-19 03:15:07'),
(645, 1, 2, 3, '{"temp":18.39,"hum":55.29}\0\0\0\0\0\0', '2015-10-19 04:15:04'),
(646, 1, 4, 3, '{"temp":16.70,"hum":45.40}\0\0\0\0\0\0', '2015-10-19 04:15:05'),
(647, 1, 2, 3, '{"temp":18.39,"hum":55.59}\0\0\0\0\0\0', '2015-10-19 05:15:03'),
(648, 1, 4, 3, '{"temp":16.60,"hum":46.09}\0\0\0\0\0\0', '2015-10-19 05:15:05'),
(649, 1, 2, 3, '{"temp":18.50,"hum":55.70}\0\0\0\0\0\0', '2015-10-19 06:15:03'),
(650, 1, 4, 3, '{"temp":16.60,"hum":46.40}\0\0\0\0\0\0', '2015-10-19 06:15:05'),
(651, 1, 2, 3, '{"temp":18.50,"hum":55.90}\0\0\0\0\0\0', '2015-10-19 07:15:03'),
(652, 1, 4, 3, '{"temp":16.89,"hum":46.20}\0\0\0\0\0\0', '2015-10-19 07:15:06'),
(653, 1, 2, 3, '{"temp":18.60,"hum":57.50}\0\0\0\0\0\0', '2015-10-19 08:15:03'),
(654, 1, 4, 3, '{"temp":16.79,"hum":48.79}\0\0\0\0\0\0', '2015-10-19 08:15:05'),
(655, 1, 2, 3, '{"temp":18.50,"hum":60.20}\0\0\0\0\0\0', '2015-10-19 09:15:04'),
(656, 1, 4, 3, '{"temp":17.20,"hum":52.09}\0\0\0\0\0\0', '2015-10-19 09:15:05'),
(657, 1, 2, 3, '{"temp":18.50,"hum":58.00}\0\0\0\0\0\0', '2015-10-19 10:15:03'),
(658, 1, 4, 3, '{"temp":17.00,"hum":48.29}\0\0\0\0\0\0', '2015-10-19 10:15:05'),
(659, 1, 2, 3, '{"temp":18.39,"hum":57.59}\0\0\0\0\0\0', '2015-10-19 11:15:03'),
(660, 1, 4, 3, '{"temp":16.89,"hum":47.59}\0\0\0\0\0\0', '2015-10-19 11:15:05'),
(661, 1, 2, 3, '{"temp":18.50,"hum":57.50}\0\0\0\0\0\0', '2015-10-19 12:15:04'),
(662, 1, 4, 3, '{"temp":16.89,"hum":48.59}\0\0\0\0\0\0', '2015-10-19 12:15:05'),
(663, 1, 2, 3, '{"temp":18.50,"hum":57.70}\0\0\0\0\0\0', '2015-10-19 13:15:03'),
(664, 1, 4, 3, '{"temp":17.20,"hum":49.00}\0\0\0\0\0\0', '2015-10-19 13:15:04'),
(665, 1, 2, 3, '{"temp":18.39,"hum":58.00}\0\0\0\0\0\0', '2015-10-19 14:15:03'),
(666, 1, 4, 3, '{"temp":17.20,"hum":49.20}\0\0\0\0\0\0', '2015-10-19 14:15:05'),
(667, 1, 2, 3, '{"temp":18.39,"hum":57.90}\0\0\0\0\0\0', '2015-10-19 15:15:03'),
(668, 1, 4, 3, '{"temp":17.20,"hum":48.40}\0\0\0\0\0\0', '2015-10-19 15:15:04'),
(669, 1, 2, 3, '{"temp":18.39,"hum":58.00}\0\0\0\0\0\0', '2015-10-19 16:15:03'),
(670, 1, 4, 3, '{"temp":17.39,"hum":48.59}\0\0\0\0\0\0', '2015-10-19 16:15:05'),
(671, 1, 2, 3, '{"temp":18.50,"hum":59.90}\0\0\0\0\0\0', '2015-10-19 17:15:04'),
(672, 1, 4, 3, '{"temp":17.50,"hum":48.70}\0\0\0\0\0\0', '2015-10-19 17:15:05'),
(673, 1, 2, 3, '{"temp":18.39,"hum":59.90}\0\0\0\0\0\0', '2015-10-19 18:15:03'),
(674, 1, 4, 3, '{"temp":17.20,"hum":48.29}\0\0\0\0\0\0', '2015-10-19 18:15:05'),
(675, 1, 2, 3, '{"temp":18.29,"hum":60.29}\0\0\0\0\0\0', '2015-10-19 19:15:04'),
(676, 1, 4, 3, '{"temp":17.60,"hum":49.50}\0\0\0\0\0\0', '2015-10-19 19:15:05'),
(677, 1, 2, 3, '{"temp":19.50,"hum":58.40}\0\0\0\0\0\0', '2015-10-19 20:15:03'),
(678, 1, 4, 3, '{"temp":17.39,"hum":47.59}\0\0\0\0\0\0', '2015-10-19 20:15:05'),
(679, 1, 2, 3, '{"temp":19.20,"hum":59.59}\0\0\0\0\0\0', '2015-10-19 21:15:03'),
(680, 1, 4, 3, '{"temp":17.010,"hum":46.79}\0\0\0\0\0', '2015-10-19 21:15:05'),
(681, 1, 2, 3, '{"temp":19.010,"hum":59.90}\0\0\0\0\0', '2015-10-19 22:15:04'),
(682, 1, 4, 3, '{"temp":17.29,"hum":44.79}\0\0\0\0\0\0', '2015-10-19 22:15:05'),
(683, 1, 2, 3, '{"temp":18.89,"hum":59.20}\0\0\0\0\0\0', '2015-10-19 23:15:04'),
(684, 1, 4, 3, '{"temp":17.010,"hum":46.09}\0\0\0\0\0', '2015-10-19 23:15:05'),
(685, 1, 2, 3, '{"temp":18.20,"hum":58.90}\0\0\0\0\0\0', '2015-10-20 00:15:03'),
(686, 1, 4, 3, '{"temp":16.79,"hum":42.59}\0\0\0\0\0\0', '2015-10-20 00:15:05'),
(687, 1, 2, 3, '{"temp":18.010,"hum":57.90}\0\0\0\0\0', '2015-10-20 01:15:03'),
(688, 1, 4, 3, '{"temp":16.89,"hum":41.00}\0\0\0\0\0\0', '2015-10-20 01:15:05'),
(689, 1, 2, 3, '{"temp":18.29,"hum":56.40}\0\0\0\0\0\0', '2015-10-20 02:15:04'),
(690, 1, 4, 3, '{"temp":16.70,"hum":40.20}\0\0\0\0\0\0', '2015-10-20 02:15:05'),
(691, 1, 2, 3, '{"temp":18.29,"hum":55.50}\0\0\0\0\0\0', '2015-10-20 03:15:03'),
(692, 1, 4, 3, '{"temp":16.50,"hum":39.40}\0\0\0\0\0\0', '2015-10-20 03:15:05'),
(693, 1, 2, 3, '{"temp":18.39,"hum":55.09}\0\0\0\0\0\0', '2015-10-20 04:15:03'),
(694, 1, 4, 3, '{"temp":16.70,"hum":39.79}\0\0\0\0\0\0', '2015-10-20 04:15:05'),
(695, 1, 2, 3, '{"temp":18.39,"hum":55.09}\0\0\0\0\0\0', '2015-10-20 05:15:04'),
(696, 1, 4, 3, '{"temp":16.60,"hum":40.29}\0\0\0\0\0\0', '2015-10-20 05:15:05'),
(697, 1, 2, 3, '{"temp":18.29,"hum":55.29}\0\0\0\0\0\0', '2015-10-20 06:15:03'),
(698, 1, 4, 3, '{"temp":16.50,"hum":40.70}\0\0\0\0\0\0', '2015-10-20 06:15:05'),
(699, 1, 2, 3, '{"temp":18.39,"hum":54.59}\0\0\0\0\0\0', '2015-10-20 07:15:03'),
(700, 1, 4, 3, '{"temp":16.60,"hum":41.20}\0\0\0\0\0\0', '2015-10-20 07:15:05'),
(701, 1, 2, 3, '{"temp":19.20,"hum":54.70}\0\0\0\0\0\0', '2015-10-20 08:15:04'),
(702, 1, 4, 3, '{"error":Failed read DHT}\0\0\0\0\0\0\0', '2015-10-20 08:15:05'),
(703, 1, 2, 3, '{"temp":18.79,"hum":55.90}\0\0\0\0\0\0', '2015-10-20 09:15:04'),
(704, 1, 4, 3, '{"temp":16.70,"hum":44.79}\0\0\0\0\0\0', '2015-10-20 09:15:06'),
(705, 1, 2, 3, '{"temp":18.60,"hum":55.40}\0\0\0\0\0\0', '2015-10-20 10:15:04'),
(706, 1, 4, 3, '{"temp":16.70,"hum":42.90}\0\0\0\0\0\0', '2015-10-20 10:15:05'),
(707, 1, 2, 3, '{"temp":18.50,"hum":55.20}\0\0\0\0\0\0', '2015-10-20 11:15:03'),
(708, 1, 4, 3, '{"temp":16.70,"hum":43.50}\0\0\0\0\0\0', '2015-10-20 11:15:05'),
(709, 1, 2, 3, '{"temp":18.60,"hum":55.00}\0\0\0\0\0\0', '2015-10-20 12:15:03'),
(710, 1, 4, 3, '{"temp":16.70,"hum":43.59}\0\0\0\0\0\0', '2015-10-20 12:15:05'),
(711, 1, 2, 3, '{"temp":19.50,"hum":53.79}\0\0\0\0\0\0', '2015-10-20 13:15:03'),
(712, 1, 4, 3, '{"temp":17.010,"hum":43.09}\0\0\0\0\0', '2015-10-20 13:15:05'),
(713, 1, 2, 3, '{"temp":18.50,"hum":54.29}\0\0\0\0\0\0', '2015-10-20 14:15:03'),
(714, 1, 4, 3, '{"temp":17.00,"hum":41.70}\0\0\0\0\0\0', '2015-10-20 14:15:04'),
(715, 1, 2, 3, '{"temp":18.29,"hum":53.59}\0\0\0\0\0\0', '2015-10-20 15:15:03'),
(716, 1, 4, 3, '{"temp":16.79,"hum":41.50}\0\0\0\0\0\0', '2015-10-20 15:15:05'),
(717, 1, 2, 3, '{"temp":18.79,"hum":54.00}\0\0\0\0\0\0', '2015-10-20 16:15:03'),
(718, 1, 4, 3, '{"temp":16.89,"hum":43.70}\0\0\0\0\0\0', '2015-10-20 16:15:05'),
(719, 1, 2, 3, '{"temp":19.29,"hum":54.29}\0\0\0\0\0\0', '2015-10-20 17:15:04'),
(720, 1, 4, 3, '{"temp":17.010,"hum":43.00}\0\0\0\0\0', '2015-10-20 17:15:05'),
(721, 1, 2, 3, '{"temp":19.29,"hum":54.90}\0\0\0\0\0\0', '2015-10-20 18:15:03'),
(722, 1, 4, 3, '{"temp":16.89,"hum":43.00}\0\0\0\0\0\0', '2015-10-20 18:15:06'),
(723, 1, 2, 3, '{"temp":19.39,"hum":55.40}\0\0\0\0\0\0', '2015-10-20 19:15:03'),
(724, 1, 4, 3, '{"temp":17.50,"hum":48.40}\0\0\0\0\0\0', '2015-10-20 19:15:05'),
(725, 1, 2, 3, '{"temp":19.00,"hum":56.00}\0\0\0\0\0\0', '2015-10-20 20:15:03'),
(726, 1, 4, 3, '{"temp":17.29,"hum":43.29}\0\0\0\0\0\0', '2015-10-20 20:15:04'),
(727, 1, 2, 3, '{"temp":19.20,"hum":56.59}\0\0\0\0\0\0', '2015-10-20 21:15:03'),
(728, 1, 4, 3, '{"temp":16.89,"hum":42.59}\0\0\0\0\0\0', '2015-10-20 21:15:05'),
(729, 1, 2, 3, '{"temp":19.20,"hum":56.90}\0\0\0\0\0\0', '2015-10-20 22:15:04'),
(730, 1, 4, 3, '{"temp":16.79,"hum":42.09}\0\0\0\0\0\0', '2015-10-20 22:15:05'),
(731, 1, 2, 3, '{"temp":19.20,"hum":56.70}\0\0\0\0\0\0', '2015-10-20 23:15:03'),
(732, 1, 4, 3, '{"temp":16.89,"hum":40.59}\0\0\0\0\0\0', '2015-10-20 23:15:05'),
(733, 1, 2, 3, '{"temp":19.20,"hum":56.20}\0\0\0\0\0\0', '2015-10-21 00:15:03'),
(734, 1, 4, 3, '{"temp":16.70,"hum":40.40}\0\0\0\0\0\0', '2015-10-21 00:15:05'),
(735, 1, 2, 3, '{"temp":19.20,"hum":55.50}\0\0\0\0\0\0', '2015-10-21 01:15:04'),
(736, 1, 4, 3, '{"temp":16.50,"hum":39.00}\0\0\0\0\0\0', '2015-10-21 01:15:06'),
(737, 1, 2, 3, '{"temp":19.00,"hum":55.70}\0\0\0\0\0\0', '2015-10-21 02:15:03'),
(738, 1, 4, 3, '{"temp":16.50,"hum":38.29}\0\0\0\0\0\0', '2015-10-21 02:15:05'),
(739, 1, 2, 3, '{"temp":18.79,"hum":54.70}\0\0\0\0\0\0', '2015-10-21 03:15:03'),
(740, 1, 4, 3, '{"temp":16.60,"hum":40.79}\0\0\0\0\0\0', '2015-10-21 03:15:05'),
(741, 1, 2, 3, '{"temp":18.20,"hum":55.09}\0\0\0\0\0\0', '2015-10-21 04:15:03'),
(742, 1, 4, 3, '{"temp":16.39,"hum":40.09}\0\0\0\0\0\0', '2015-10-21 04:15:05'),
(743, 1, 2, 3, '{"temp":18.20,"hum":54.20}\0\0\0\0\0\0', '2015-10-21 05:15:04'),
(744, 1, 4, 3, '{"temp":16.39,"hum":39.90}\0\0\0\0\0\0', '2015-10-21 05:15:05'),
(745, 1, 2, 3, '{"temp":18.39,"hum":53.00}\0\0\0\0\0\0', '2015-10-21 06:15:03'),
(746, 1, 4, 3, '{"temp":16.60,"hum":39.59}\0\0\0\0\0\0', '2015-10-21 06:15:05'),
(747, 1, 2, 3, '{"temp":18.39,"hum":52.59}\0\0\0\0\0\0', '2015-10-21 07:15:03'),
(748, 1, 4, 3, '{"temp":16.50,"hum":40.00}\0\0\0\0\0\0', '2015-10-21 07:15:05'),
(749, 1, 2, 3, '{"temp":18.29,"hum":52.29}\0\0\0\0\0\0', '2015-10-21 08:15:04'),
(750, 1, 4, 3, '{"temp":16.20,"hum":39.70}\0\0\0\0\0\0', '2015-10-21 08:15:05'),
(751, 1, 2, 3, '{"temp":18.39,"hum":52.09}\0\0\0\0\0\0', '2015-10-21 09:15:03'),
(752, 1, 4, 3, '{"temp":16.39,"hum":39.79}\0\0\0\0\0\0', '2015-10-21 09:15:05'),
(753, 1, 2, 3, '{"temp":18.39,"hum":52.09}\0\0\0\0\0\0', '2015-10-21 10:15:04'),
(754, 1, 4, 3, '{"temp":16.20,"hum":39.70}\0\0\0\0\0\0', '2015-10-21 10:15:05'),
(755, 1, 2, 3, '{"temp":18.50,"hum":52.20}\0\0\0\0\0\0', '2015-10-21 11:15:03'),
(756, 1, 4, 3, '{"temp":16.50,"hum":40.50}\0\0\0\0\0\0', '2015-10-21 11:15:04'),
(757, 1, 2, 3, '{"temp":18.60,"hum":52.20}\0\0\0\0\0\0', '2015-10-21 12:15:03'),
(758, 1, 4, 3, '{"temp":16.50,"hum":40.50}\0\0\0\0\0\0', '2015-10-21 12:15:05'),
(759, 1, 2, 3, '{"temp":18.70,"hum":52.50}\0\0\0\0\0\0', '2015-10-21 13:15:03'),
(760, 1, 4, 3, '{"temp":16.60,"hum":41.29}\0\0\0\0\0\0', '2015-10-21 13:15:05'),
(761, 1, 2, 3, '{"temp":18.79,"hum":54.29}\0\0\0\0\0\0', '2015-10-21 14:15:03'),
(762, 1, 4, 3, '{"temp":16.79,"hum":41.59}\0\0\0\0\0\0', '2015-10-21 14:15:05'),
(763, 1, 2, 3, '{"temp":19.60,"hum":53.00}\0\0\0\0\0\0', '2015-10-21 15:15:03'),
(764, 1, 4, 3, '{"temp":17.39,"hum":47.40}\0\0\0\0\0\0', '2015-10-21 15:15:05'),
(765, 1, 2, 3, '{"temp":19.89,"hum":55.50}\0\0\0\0\0\0', '2015-10-21 16:15:04'),
(766, 1, 4, 3, '{"temp":17.29,"hum":44.20}\0\0\0\0\0\0', '2015-10-21 16:15:06'),
(767, 1, 2, 3, '{"temp":19.50,"hum":54.00}\0\0\0\0\0\0', '2015-10-21 17:15:03'),
(768, 1, 4, 3, '{"temp":16.89,"hum":41.79}\0\0\0\0\0\0', '2015-10-21 17:15:05'),
(769, 1, 2, 3, '{"temp":19.010,"hum":55.29}\0\0\0\0\0', '2015-10-21 18:15:04'),
(770, 1, 4, 3, '{"temp":17.00,"hum":43.09}\0\0\0\0\0\0', '2015-10-21 18:15:06'),
(771, 1, 2, 3, '{"temp":18.79,"hum":57.00}\0\0\0\0\0\0', '2015-10-21 19:03:58'),
(772, 1, 2, 3, '{"temp":18.89,"hum":56.00}\0\0\0\0\0\0', '2015-10-21 19:06:07'),
(773, 1, 2, 3, '{"temp":18.79,"hum":55.90}\0\0\0\0\0\0', '2015-10-21 19:15:04'),
(774, 1, 4, 3, '{"temp":17.20,"hum":48.29}\0\0\0\0\0\0', '2015-10-21 19:15:05'),
(775, 1, 2, 3, '{"temp":18.79,"hum":56.09}\0\0\0\0\0\0', '2015-10-21 20:15:03'),
(776, 1, 4, 3, '{"temp":16.89,"hum":46.79}\0\0\0\0\0\0', '2015-10-21 20:15:06'),
(777, 1, 2, 3, '{"temp":18.70,"hum":56.50}\0\0\0\0\0\0', '2015-10-21 21:15:04'),
(778, 1, 4, 3, '{"temp":16.89,"hum":47.40}\0\0\0\0\0\0', '2015-10-21 21:15:05'),
(779, 1, 2, 3, '{"temp":18.50,"hum":56.70}\0\0\0\0\0\0', '2015-10-21 22:15:03'),
(780, 1, 4, 3, '{"temp":16.89,"hum":46.59}\0\0\0\0\0\0', '2015-10-21 22:15:05'),
(781, 1, 2, 3, '{"temp":18.50,"hum":57.00}\0\0\0\0\0\0', '2015-10-21 23:15:04');
INSERT INTO `task` (`id`, `from_device_id`, `to_device_id`, `action_id`, `data`, `created_at`) VALUES
(782, 1, 4, 3, '{"temp":16.79,"hum":47.20}\0\0\0\0\0\0', '2015-10-21 23:15:05'),
(783, 1, 2, 3, '{"temp":18.29,"hum":56.40}\0\0\0\0\0\0', '2015-10-22 00:15:03'),
(784, 1, 4, 3, '{"temp":16.70,"hum":47.00}\0\0\0\0\0\0', '2015-10-22 00:15:05'),
(785, 1, 2, 3, '{"temp":18.20,"hum":56.40}\0\0\0\0\0\0', '2015-10-22 01:15:03'),
(786, 1, 4, 3, '{"temp":16.70,"hum":47.00}\0\0\0\0\0\0', '2015-10-22 01:15:05'),
(787, 1, 2, 3, '{"temp":18.29,"hum":56.00}\0\0\0\0\0\0', '2015-10-22 02:15:03'),
(788, 1, 4, 3, '{"temp":16.39,"hum":47.09}\0\0\0\0\0\0', '2015-10-22 02:15:05'),
(789, 1, 2, 3, '{"temp":18.29,"hum":56.20}\0\0\0\0\0\0', '2015-10-22 03:15:03'),
(790, 1, 4, 3, '{"temp":16.50,"hum":47.59}\0\0\0\0\0\0', '2015-10-22 03:15:05'),
(791, 1, 2, 3, '{"temp":18.39,"hum":56.09}\0\0\0\0\0\0', '2015-10-22 04:15:03'),
(792, 1, 4, 3, '{"temp":16.50,"hum":47.40}\0\0\0\0\0\0', '2015-10-22 04:15:05'),
(793, 1, 2, 3, '{"temp":18.39,"hum":56.09}\0\0\0\0\0\0', '2015-10-22 05:15:03'),
(794, 1, 4, 3, '{"temp":16.50,"hum":47.79}\0\0\0\0\0\0', '2015-10-22 05:15:05'),
(795, 1, 2, 3, '{"temp":18.39,"hum":56.09}\0\0\0\0\0\0', '2015-10-22 06:15:03'),
(796, 1, 4, 3, '{"temp":16.50,"hum":47.90}\0\0\0\0\0\0', '2015-10-22 06:15:05'),
(797, 1, 2, 3, '{"temp":18.39,"hum":56.09}\0\0\0\0\0\0', '2015-10-22 07:15:03'),
(798, 1, 4, 3, '{"temp":16.70,"hum":47.59}\0\0\0\0\0\0', '2015-10-22 07:15:05'),
(799, 1, 2, 3, '{"temp":18.50,"hum":58.09}\0\0\0\0\0\0', '2015-10-22 08:15:04'),
(800, 1, 4, 3, '{"temp":16.60,"hum":48.90}\0\0\0\0\0\0', '2015-10-22 08:15:05'),
(801, 1, 2, 3, '{"temp":18.60,"hum":57.59}\0\0\0\0\0\0', '2015-10-22 09:15:03'),
(802, 1, 4, 3, '{"temp":16.70,"hum":50.09}\0\0\0\0\0\0', '2015-10-22 09:15:06'),
(803, 1, 2, 3, '{"temp":18.79,"hum":56.70}\0\0\0\0\0\0', '2015-10-22 10:15:03'),
(804, 1, 4, 3, '{"temp":16.79,"hum":49.20}\0\0\0\0\0\0', '2015-10-22 10:15:05'),
(805, 1, 2, 3, '{"temp":18.79,"hum":56.79}\0\0\0\0\0\0', '2015-10-22 11:15:03'),
(806, 1, 4, 3, '{"temp":16.70,"hum":49.79}\0\0\0\0\0\0', '2015-10-22 11:15:05'),
(807, 1, 2, 3, '{"temp":18.79,"hum":57.20}\0\0\0\0\0\0', '2015-10-22 12:15:04'),
(808, 1, 4, 3, '{"temp":16.70,"hum":51.00}\0\0\0\0\0\0', '2015-10-22 12:15:05'),
(809, 1, 2, 3, '{"temp":18.79,"hum":58.00}\0\0\0\0\0\0', '2015-10-22 13:15:03'),
(810, 1, 4, 3, '{"temp":17.00,"hum":52.20}\0\0\0\0\0\0', '2015-10-22 13:15:05'),
(811, 1, 2, 3, '{"temp":18.79,"hum":58.79}\0\0\0\0\0\0', '2015-10-22 14:15:03'),
(812, 1, 4, 3, '{"temp":16.89,"hum":53.70}\0\0\0\0\0\0', '2015-10-22 14:15:05'),
(813, 1, 2, 3, '{"temp":18.70,"hum":59.79}\0\0\0\0\0\0', '2015-10-22 15:15:04'),
(814, 1, 4, 3, '{"temp":17.010,"hum":54.20}\0\0\0\0\0', '2015-10-22 15:15:05'),
(815, 1, 2, 3, '{"temp":18.70,"hum":60.59}\0\0\0\0\0\0', '2015-10-22 16:15:03'),
(816, 1, 4, 3, '{"temp":17.29,"hum":54.20}\0\0\0\0\0\0', '2015-10-22 16:15:06'),
(817, 1, 2, 3, '{"temp":18.89,"hum":62.40}\0\0\0\0\0\0', '2015-10-22 17:15:03'),
(818, 1, 4, 3, '{"temp":17.29,"hum":54.20}\0\0\0\0\0\0', '2015-10-22 17:15:05'),
(819, 1, 2, 3, '{"temp":18.70,"hum":60.50}\0\0\0\0\0\0', '2015-10-22 18:15:03'),
(820, 1, 4, 3, '{"temp":17.010,"hum":47.20}\0\0\0\0\0', '2015-10-22 18:15:05'),
(821, 1, 2, 3, '{"temp":19.39,"hum":58.20}\0\0\0\0\0\0', '2015-10-22 19:15:04'),
(822, 1, 4, 3, '{"temp":17.89,"hum":46.79}\0\0\0\0\0\0', '2015-10-22 19:15:07'),
(823, 1, 2, 1, '{"temp":19.29}\0\0\0\0\0\0\0\0\0\0\0\0\0\0\0\0\0\0', '2015-10-22 19:26:49'),
(824, 1, 2, 3, '{"temp":19.20,"hum":59.00}\0\0\0\0\0\0', '2015-10-22 20:05:55'),
(825, 1, 2, 3, '{"temp":19.00,"hum":59.20}\0\0\0\0\0\0', '2015-10-22 20:15:04'),
(826, 1, 4, 3, '{"temp":17.29,"hum":44.50}\0\0\0\0\0\0', '2015-10-22 20:15:05'),
(827, 1, 2, 3, '{"temp":19.00,"hum":59.20}\0\0\0\0\0\0', '2015-10-22 21:15:04'),
(828, 1, 4, 3, '{"temp":17.010,"hum":43.20}\0\0\0\0\0', '2015-10-22 21:15:05'),
(829, 1, 2, 3, '{"temp":19.29,"hum":58.20}\0\0\0\0\0\0', '2015-10-22 22:15:04'),
(830, 1, 4, 3, 'error;timeout', '2015-10-22 22:15:08'),
(831, 1, 2, 3, '{"temp":18.89,"hum":58.00}\0\0\0\0\0\0', '2015-10-22 23:15:04'),
(832, 1, 4, 3, '{"temp":17.00,"hum":42.09}\0\0\0\0\0\0', '2015-10-22 23:15:05'),
(833, 1, 2, 3, '{"temp":18.50,"hum":57.40}\0\0\0\0\0\0', '2015-10-23 00:15:04'),
(834, 1, 4, 3, '{"temp":16.89,"hum":43.00}\0\0\0\0\0\0', '2015-10-23 00:15:06'),
(835, 1, 2, 3, '{"temp":18.50,"hum":56.29}\0\0\0\0\0\0', '2015-10-23 01:15:04'),
(836, 1, 4, 3, '{"temp":16.79,"hum":42.50}\0\0\0\0\0\0', '2015-10-23 01:15:05'),
(837, 1, 2, 3, '{"temp":18.39,"hum":55.40}\0\0\0\0\0\0', '2015-10-23 02:15:04'),
(838, 1, 4, 3, 'error;timeout', '2015-10-23 02:15:08'),
(839, 1, 2, 3, '{"temp":18.60,"hum":54.70}\0\0\0\0\0\0', '2015-10-23 03:15:04'),
(840, 1, 4, 3, 'error;timeout', '2015-10-23 03:15:07'),
(841, 1, 2, 3, '{"temp":18.50,"hum":54.59}\0\0\0\0\0\0', '2015-10-23 04:15:03'),
(842, 1, 4, 3, 'error;timeout', '2015-10-23 04:15:07'),
(843, 1, 2, 3, '{"temp":18.60,"hum":54.29}\0\0\0\0\0\0', '2015-10-23 05:15:04'),
(844, 1, 4, 3, 'error;timeout', '2015-10-23 05:15:07'),
(845, 1, 2, 3, '{"temp":18.60,"hum":54.00}\0\0\0\0\0\0', '2015-10-23 06:15:03'),
(846, 1, 4, 3, 'error;timeout', '2015-10-23 06:15:06'),
(847, 1, 4, 3, 'error;timeout', '2015-10-23 07:08:33'),
(848, 1, 2, 3, '{"temp":18.70,"hum":53.90}\0\0\0\0\0\0', '2015-10-23 07:15:03'),
(849, 1, 4, 3, '{"temp":16.79,"hum":44.79}\0\0\0\0\0\0', '2015-10-23 07:15:05'),
(850, 1, 2, 3, '{"temp":18.70,"hum":55.90}\0\0\0\0\0\0', '2015-10-23 08:15:03'),
(851, 1, 4, 3, '{"temp":16.89,"hum":43.29}\0\0\0\0\0\0', '2015-10-23 08:15:04'),
(852, 1, 2, 3, '{"temp":18.79,"hum":55.09}\0\0\0\0\0\0', '2015-10-23 09:15:04'),
(853, 1, 4, 3, '{"temp":16.89,"hum":44.70}\0\0\0\0\0\0', '2015-10-23 09:15:06'),
(854, 1, 2, 3, '{"temp":19.00,"hum":54.00}\0\0\0\0\0\0', '2015-10-23 10:15:03'),
(855, 1, 4, 3, '{"temp":16.79,"hum":42.90}\0\0\0\0\0\0', '2015-10-23 10:15:05'),
(856, 1, 2, 3, '{"temp":19.89,"hum":52.79}\0\0\0\0\0\0', '2015-10-23 11:15:03'),
(857, 1, 4, 3, '{"temp":17.00,"hum":41.20}\0\0\0\0\0\0', '2015-10-23 11:15:05'),
(858, 1, 2, 3, '{"temp":19.79,"hum":52.90}\0\0\0\0\0\0', '2015-10-23 12:15:03'),
(859, 1, 4, 3, '{"temp":17.29,"hum":39.00}\0\0\0\0\0\0', '2015-10-23 12:15:04'),
(860, 1, 2, 3, '{"temp":20.79,"hum":51.50}\0\0\0\0\0\0', '2015-10-23 13:15:03'),
(861, 1, 4, 3, 'error;timeout', '2015-10-23 13:15:07'),
(862, 1, 2, 3, '{"temp":21.00,"hum":49.09}\0\0\0\0\0\0', '2015-10-23 14:15:03'),
(863, 1, 4, 3, 'error;timeout', '2015-10-23 14:15:07'),
(864, 1, 2, 3, '{"temp":19.89,"hum":49.20}\0\0\0\0\0\0', '2015-10-23 15:15:03'),
(865, 1, 4, 3, 'error;timeout', '2015-10-23 15:15:07'),
(866, 1, 2, 3, '{"temp":19.89,"hum":48.90}\0\0\0\0\0\0', '2015-10-23 16:15:04'),
(867, 1, 4, 3, 'error;timeout', '2015-10-23 16:15:08'),
(868, 1, 2, 3, '{"temp":20.79,"hum":47.59}\0\0\0\0\0\0', '2015-10-23 17:15:03'),
(869, 1, 4, 3, 'error;timeout', '2015-10-23 17:15:07'),
(870, 1, 2, 3, '{"temp":20.010,"hum":51.70}\0\0\0\0\0', '2015-10-23 18:15:03'),
(871, 1, 4, 3, 'error;timeout', '2015-10-23 18:15:07'),
(872, 1, 2, 3, '{"temp":19.60,"hum":53.00}\0\0\0\0\0\0', '2015-10-23 19:15:03'),
(873, 1, 4, 3, 'error;timeout', '2015-10-23 19:15:07'),
(874, 1, 2, 3, '{"temp":19.70,"hum":54.59}\0\0\0\0\0\0', '2015-10-23 20:15:03'),
(875, 1, 4, 3, '{"temp":17.50,"hum":37.09}\0\0\0\0\0\0', '2015-10-23 20:15:05'),
(876, 1, 2, 3, '{"temp":19.79,"hum":55.09}\0\0\0\0\0\0', '2015-10-23 21:15:03'),
(877, 1, 4, 3, '{"temp":18.00,"hum":40.00}\0\0\0\0\0\0', '2015-10-23 21:15:05'),
(878, 1, 2, 3, '{"temp":19.89,"hum":56.20}\0\0\0\0\0\0', '2015-10-23 22:15:03'),
(879, 1, 4, 3, 'error;timeout', '2015-10-23 22:15:07'),
(880, 1, 2, 3, '{"temp":19.89,"hum":56.20}\0\0\0\0\0\0', '2015-10-23 23:15:03'),
(881, 1, 4, 3, 'error;timeout', '2015-10-23 23:15:07'),
(882, 1, 2, 3, '{"temp":19.89,"hum":56.70}\0\0\0\0\0\0', '2015-10-24 00:15:03'),
(883, 1, 4, 3, 'error;timeout', '2015-10-24 00:15:07'),
(884, 1, 2, 3, '{"temp":19.70,"hum":56.90}\0\0\0\0\0\0', '2015-10-24 01:15:03'),
(885, 1, 4, 3, 'error;timeout', '2015-10-24 01:15:07'),
(886, 1, 2, 3, '{"temp":19.39,"hum":57.70}\0\0\0\0\0\0', '2015-10-24 02:15:03'),
(887, 1, 4, 3, 'error;timeout', '2015-10-24 02:15:07'),
(888, 1, 2, 3, '{"temp":19.20,"hum":56.70}\0\0\0\0\0\0', '2015-10-24 03:15:03'),
(889, 1, 4, 3, 'error;timeout', '2015-10-24 03:15:07'),
(890, 1, 2, 3, '{"temp":19.00,"hum":56.09}\0\0\0\0\0\0', '2015-10-24 04:15:03'),
(891, 1, 4, 3, 'error;timeout', '2015-10-24 04:15:08'),
(892, 1, 2, 3, '{"temp":18.79,"hum":55.90}\0\0\0\0\0\0', '2015-10-24 05:15:03'),
(893, 1, 4, 3, 'error;timeout', '2015-10-24 05:15:07'),
(894, 1, 2, 3, '{"temp":18.60,"hum":55.50}\0\0\0\0\0\0', '2015-10-24 06:15:03'),
(895, 1, 4, 3, 'error;timeout', '2015-10-24 06:15:07'),
(896, 1, 2, 3, '{"temp":18.50,"hum":55.20}\0\0\0\0\0\0', '2015-10-24 07:15:03'),
(897, 1, 4, 3, '{"temp":17.89,"hum":39.59}\0\0\0\0\0\0', '2015-10-24 07:15:05'),
(898, 1, 2, 3, '{"temp":18.60,"hum":55.00}\0\0\0\0\0\0', '2015-10-24 08:15:04'),
(899, 1, 4, 3, 'error;timeout', '2015-10-24 08:15:08'),
(900, 1, 2, 3, '{"temp":18.60,"hum":54.70}\0\0\0\0\0\0', '2015-10-24 09:15:03'),
(901, 1, 4, 3, 'error;timeout', '2015-10-24 09:15:07'),
(902, 1, 2, 3, '{"temp":18.60,"hum":54.50}\0\0\0\0\0\0', '2015-10-24 10:15:03'),
(903, 1, 4, 3, 'error;timeout', '2015-10-24 10:15:07'),
(904, 1, 2, 3, '{"temp":18.70,"hum":54.50}\0\0\0\0\0\0', '2015-10-24 11:15:03'),
(905, 1, 4, 3, '{"temp":17.70,"hum":40.70}\0\0\0\0\0\0', '2015-10-24 11:15:06'),
(906, 1, 2, 3, '{"temp":18.79,"hum":53.90}\0\0\0\0\0\0', '2015-10-24 12:15:04'),
(907, 1, 4, 3, 'error;timeout', '2015-10-24 12:15:08'),
(908, 1, 2, 3, '{"temp":18.89,"hum":53.79}\0\0\0\0\0\0', '2015-10-24 13:15:03'),
(909, 1, 4, 3, 'error;timeout', '2015-10-24 13:15:08'),
(910, 1, 2, 3, '{"temp":18.79,"hum":53.79}\0\0\0\0\0\0', '2015-10-24 14:15:04'),
(911, 1, 4, 3, '{"temp":17.79,"hum":40.09}\0\0\0\0\0\0', '2015-10-24 14:15:05'),
(912, 1, 2, 3, '{"temp":19.50,"hum":54.09}\0\0\0\0\0\0', '2015-10-24 15:15:03'),
(913, 1, 4, 3, '{error;action not exists}\0\0\0\0\0\0\0', '2015-10-24 15:15:05'),
(914, 1, 2, 3, '{"temp":19.60,"hum":54.70}\0\0\0\0\0\0', '2015-10-24 16:15:03'),
(915, 1, 4, 3, '{"temp":18.50,"hum":40.00}\0\0\0\0\0\0', '2015-10-24 16:15:05'),
(916, 1, 2, 3, '{"temp":19.79,"hum":54.59}\0\0\0\0\0\0', '2015-10-24 17:15:03'),
(917, 1, 4, 3, '{"temp":19.00,"hum":38.59}\0\0\0\0\0\0', '2015-10-24 17:15:05'),
(918, 1, 2, 3, '{"temp":19.39,"hum":53.59}\0\0\0\0\0\0', '2015-10-24 18:15:04'),
(919, 1, 4, 3, '{"temp":18.60,"hum":38.59}\0\0\0\0\0\0', '2015-10-24 18:15:05'),
(920, 1, 2, 3, '{"temp":19.00,"hum":53.79}\0\0\0\0\0\0', '2015-10-24 19:15:05'),
(921, 1, 4, 3, '{"temp":18.29,"hum":39.40}\0\0\0\0\0\0', '2015-10-24 19:15:06'),
(922, 1, 2, 3, '{"temp":18.89,"hum":53.79}\0\0\0\0\0\0', '2015-10-24 20:15:04'),
(923, 1, 4, 3, '{"temp":18.29,"hum":39.79}\0\0\0\0\0\0', '2015-10-24 20:15:06'),
(924, 1, 2, 3, '{"temp":19.010,"hum":54.20}\0\0\0\0\0', '2015-10-24 21:15:03'),
(925, 1, 4, 3, '{"temp":18.20,"hum":40.29}\0\0\0\0\0\0', '2015-10-24 21:15:05'),
(926, 1, 2, 3, '{"temp":19.29,"hum":56.20}\0\0\0\0\0\0', '2015-10-24 22:15:03'),
(927, 1, 4, 3, '{"temp":18.010,"hum":40.40}\0\0\0\0\0', '2015-10-24 22:15:05'),
(928, 1, 2, 3, '{"temp":19.20,"hum":56.79}\0\0\0\0\0\0', '2015-10-24 23:15:04'),
(929, 1, 4, 3, '{error;action not exists}\0\0\0\0\0\0\0', '2015-10-24 23:15:05'),
(930, 1, 2, 3, '{"temp":19.20,"hum":57.20}\0\0\0\0\0\0', '2015-10-25 00:15:04'),
(931, 1, 4, 3, '{"temp":18.20,"hum":40.79}\0\0\0\0\0\0', '2015-10-25 00:15:05'),
(932, 1, 2, 3, '{"temp":19.20,"hum":57.70}\0\0\0\0\0\0', '2015-10-25 01:15:04'),
(933, 1, 4, 3, '{"temp":18.010,"hum":40.70}\0\0\0\0\0', '2015-10-25 01:15:06'),
(934, 1, 2, 3, '{"temp":19.20,"hum":57.70}\0\0\0\0\0\0', '2015-10-25 02:15:04'),
(935, 1, 4, 3, '{"temp":17.89,"hum":40.50}\0\0\0\0\0\0', '2015-10-25 02:15:06'),
(936, 1, 2, 3, '{"temp":18.79,"hum":56.90}\0\0\0\0\0\0', '2015-10-25 03:15:04'),
(937, 1, 4, 3, '{"temp":18.20,"hum":41.29}\0\0\0\0\0\0', '2015-10-25 03:15:06'),
(938, 1, 2, 3, '{"temp":18.50,"hum":55.59}\0\0\0\0\0\0', '2015-10-25 04:15:03'),
(939, 1, 4, 3, '{"temp":17.79,"hum":41.79}\0\0\0\0\0\0', '2015-10-25 04:15:05'),
(940, 1, 2, 3, '{"temp":18.70,"hum":55.40}\0\0\0\0\0\0', '2015-10-25 05:15:04'),
(941, 1, 4, 3, '{"temp":17.89,"hum":42.90}\0\0\0\0\0\0', '2015-10-25 05:15:06'),
(942, 1, 2, 3, '{"temp":18.60,"hum":55.50}\0\0\0\0\0\0', '2015-10-25 06:15:04'),
(943, 1, 4, 3, '{"temp":17.79,"hum":42.59}\0\0\0\0\0\0', '2015-10-25 06:15:07'),
(944, 1, 2, 3, '{"temp":18.60,"hum":55.50}\0\0\0\0\0\0', '2015-10-25 07:15:04'),
(945, 1, 4, 3, '{"temp":17.70,"hum":42.79}\0\0\0\0\0\0', '2015-10-25 07:15:06'),
(946, 1, 2, 3, '{"temp":18.60,"hum":55.40}\0\0\0\0\0\0', '2015-10-25 08:15:03'),
(947, 1, 4, 3, '{"temp":17.79,"hum":42.20}\0\0\0\0\0\0', '2015-10-25 08:15:04'),
(948, 1, 2, 3, '{"temp":19.010,"hum":53.90}\0\0\0\0\0', '2015-10-25 09:15:03'),
(949, 1, 4, 3, '{"temp":18.00,"hum":41.00}\0\0\0\0\0\0', '2015-10-25 09:15:05'),
(950, 1, 2, 3, '{"temp":21.29,"hum":51.70}\0\0\0\0\0\0', '2015-10-25 10:15:04'),
(951, 1, 4, 3, '{"temp":18.00,"hum":40.50}\0\0\0\0\0\0', '2015-10-25 10:15:05'),
(952, 1, 2, 3, '{"temp":23.20,"hum":48.40}\0\0\0\0\0\0', '2015-10-25 11:15:04'),
(953, 1, 4, 3, '{"temp":18.00,"hum":38.20}\0\0\0\0\0\0', '2015-10-25 11:15:05'),
(954, 1, 2, 3, '{"temp":24.50,"hum":46.00}\0\0\0\0\0\0', '2015-10-25 12:15:03'),
(955, 1, 4, 3, '{"temp":18.39,"hum":35.50}\0\0\0\0\0\0', '2015-10-25 12:15:05'),
(956, 1, 2, 3, '{"temp":23.010,"hum":47.59}\0\0\0\0\0', '2015-10-25 13:15:04'),
(957, 1, 4, 3, '{"temp":18.79,"hum":39.29}\0\0\0\0\0\0', '2015-10-25 13:15:06'),
(958, 1, 2, 3, '{"temp":22.60,"hum":47.09}\0\0\0\0\0\0', '2015-10-25 14:15:05'),
(959, 1, 4, 3, '{"temp":19.60,"hum":35.70}\0\0\0\0\0\0', '2015-10-25 14:15:07'),
(960, 1, 2, 3, '{"temp":22.29,"hum":46.50}\0\0\0\0\0\0', '2015-10-25 15:15:05'),
(961, 1, 4, 3, '{"temp":20.010,"hum":31.70}\0\0\0\0\0', '2015-10-25 15:15:07'),
(962, 1, 2, 3, '{"temp":23.39,"hum":43.90}\0\0\0\0\0\0', '2015-10-25 16:15:05'),
(963, 1, 4, 3, '{"temp":21.29,"hum":29.89}\0\0\0\0\0\0', '2015-10-25 16:15:07'),
(964, 1, 2, 3, '{"temp":21.89,"hum":45.79}\0\0\0\0\0\0', '2015-10-25 17:15:05'),
(965, 1, 4, 3, '{"temp":21.70,"hum":28.39}\0\0\0\0\0\0', '2015-10-25 17:15:07'),
(966, 1, 2, 3, '{"temp":21.20,"hum":49.90}\0\0\0\0\0\0', '2015-10-25 18:15:04'),
(967, 1, 4, 3, '{"temp":19.70,"hum":33.90}\0\0\0\0\0\0', '2015-10-25 18:15:06'),
(968, 1, 2, 3, '{"temp":21.20,"hum":53.40}\0\0\0\0\0\0', '2015-10-25 19:15:04'),
(969, 1, 4, 3, '{"temp":19.70,"hum":41.79}\0\0\0\0\0\0', '2015-10-25 19:15:06'),
(970, 1, 2, 3, '{"temp":20.89,"hum":53.00}\0\0\0\0\0\0', '2015-10-25 20:15:04'),
(971, 1, 4, 3, '{"temp":19.010,"hum":39.40}\0\0\0\0\0', '2015-10-25 20:15:06'),
(972, 1, 2, 3, '{"temp":20.60,"hum":53.40}\0\0\0\0\0\0', '2015-10-25 21:15:04'),
(973, 1, 4, 3, '{"temp":19.00,"hum":38.09}\0\0\0\0\0\0', '2015-10-25 21:15:06'),
(974, 1, 2, 3, '{"temp":20.39,"hum":53.59}\0\0\0\0\0\0', '2015-10-25 22:15:05'),
(975, 1, 4, 3, 'error;timeout', '2015-10-25 22:15:09'),
(976, 1, 2, 3, '{"temp":20.20,"hum":53.09}\0\0\0\0\0\0', '2015-10-25 23:15:04'),
(977, 1, 4, 3, '{"temp":18.89,"hum":37.90}\0\0\0\0\0\0', '2015-10-25 23:15:06'),
(978, 1, 2, 3, '{"temp":19.70,"hum":52.09}\0\0\0\0\0\0', '2015-10-26 00:15:04'),
(979, 1, 4, 3, '{"temp":18.010,"hum":35.59}\0\0\0\0\0', '2015-10-26 00:15:07'),
(980, 1, 2, 3, '{"temp":19.29,"hum":51.59}\0\0\0\0\0\0', '2015-10-26 01:15:04'),
(981, 1, 4, 3, '{"temp":18.29,"hum":35.09}\0\0\0\0\0\0', '2015-10-26 01:15:07'),
(982, 1, 2, 3, '{"temp":19.00,"hum":51.20}\0\0\0\0\0\0', '2015-10-26 02:15:04'),
(983, 1, 4, 3, '{"temp":17.89,"hum":34.40}\0\0\0\0\0\0', '2015-10-26 02:15:07'),
(984, 1, 2, 3, '{"temp":18.79,"hum":50.90}\0\0\0\0\0\0', '2015-10-26 03:15:04'),
(985, 1, 4, 3, '{"temp":17.70,"hum":34.20}\0\0\0\0\0\0', '2015-10-26 03:15:06'),
(986, 1, 2, 3, '{"temp":18.60,"hum":50.79}\0\0\0\0\0\0', '2015-10-26 04:15:05'),
(987, 1, 4, 3, '{"temp":17.79,"hum":35.20}\0\0\0\0\0\0', '2015-10-26 04:15:08'),
(988, 1, 2, 3, '{"temp":18.39,"hum":50.79}\0\0\0\0\0\0', '2015-10-26 05:15:04'),
(989, 1, 4, 3, '{"temp":17.60,"hum":35.40}\0\0\0\0\0\0', '2015-10-26 05:15:07'),
(990, 1, 2, 3, '{"temp":18.39,"hum":50.29}\0\0\0\0\0\0', '2015-10-26 06:15:05'),
(991, 1, 4, 3, '{"temp":17.50,"hum":35.40}\0\0\0\0\0\0', '2015-10-26 06:15:07'),
(992, 1, 2, 3, '{"temp":18.50,"hum":50.50}\0\0\0\0\0\0', '2015-10-26 07:15:07'),
(993, 1, 4, 3, '{"temp":17.70,"hum":37.20}\0\0\0\0\0\0', '2015-10-26 07:15:14'),
(994, 1, 2, 3, '{"temp":18.60,"hum":51.00}\0\0\0\0\0\0', '2015-10-26 08:15:08'),
(995, 1, 4, 3, '{"temp":17.60,"hum":38.00}\0\0\0\0\0\0', '2015-10-26 08:15:15'),
(996, 1, 2, 3, '{"temp":18.89,"hum":51.29}\0\0\0\0\0\0', '2015-10-26 09:15:08'),
(997, 1, 4, 3, '{"temp":17.79,"hum":42.00}\0\0\0\0\0\0', '2015-10-26 09:15:11'),
(998, 1, 2, 3, '{"temp":19.50,"hum":50.09}\0\0\0\0\0\0', '2015-10-26 10:15:07'),
(999, 1, 4, 3, '{"temp":17.79,"hum":39.70}\0\0\0\0\0\0', '2015-10-26 10:15:10'),
(1000, 1, 2, 3, '{"temp":20.29,"hum":49.90}\0\0\0\0\0\0', '2015-10-26 11:15:06'),
(1001, 1, 4, 3, '{"temp":18.00,"hum":39.09}\0\0\0\0\0\0', '2015-10-26 11:15:09'),
(1002, 1, 2, 3, '{"temp":20.60,"hum":50.20}\0\0\0\0\0\0', '2015-10-26 12:15:05'),
(1003, 1, 4, 3, '{"temp":18.010,"hum":39.29}\0\0\0\0\0', '2015-10-26 12:15:08'),
(1004, 1, 2, 3, '{"temp":22.39,"hum":48.50}\0\0\0\0\0\0', '2015-10-26 13:15:07'),
(1005, 1, 4, 3, '{"temp":18.29,"hum":39.50}\0\0\0\0\0\0', '2015-10-26 13:15:11'),
(1006, 1, 2, 3, '{"temp":22.20,"hum":48.59}\0\0\0\0\0\0', '2015-10-26 14:15:08'),
(1007, 1, 4, 3, '{"temp":18.79,"hum":38.40}\0\0\0\0\0\0', '2015-10-26 14:15:11'),
(1008, 1, 2, 3, '{"temp":21.79,"hum":48.70}\0\0\0\0\0\0', '2015-10-26 15:15:10'),
(1009, 1, 4, 3, '{"temp":19.010,"hum":37.40}\0\0\0\0\0', '2015-10-26 15:15:15'),
(1010, 1, 2, 3, '{"temp":21.39,"hum":48.90}\0\0\0\0\0\0', '2015-10-26 16:15:07'),
(1011, 1, 4, 3, '{"temp":19.79,"hum":36.00}\0\0\0\0\0\0', '2015-10-26 16:15:13'),
(1012, 1, 2, 3, '{"temp":20.79,"hum":49.40}\0\0\0\0\0\0', '2015-10-26 17:15:07'),
(1013, 1, 4, 3, '{"temp":20.39,"hum":35.20}\0\0\0\0\0\0', '2015-10-26 17:15:11'),
(1014, 1, 2, 3, '{"temp":20.50,"hum":50.20}\0\0\0\0\0\0', '2015-10-26 18:15:06'),
(1015, 1, 4, 3, '{"temp":19.70,"hum":36.70}\0\0\0\0\0\0', '2015-10-26 18:15:08'),
(1016, 1, 2, 3, '{"temp":19.79,"hum":51.40}\0\0\0\0\0\0', '2015-10-26 19:15:04'),
(1017, 1, 4, 3, '{"temp":18.60,"hum":39.00}\0\0\0\0\0\0', '2015-10-26 19:15:06'),
(1018, 1, 2, 3, '{"temp":19.39,"hum":51.90}\0\0\0\0\0\0', '2015-10-26 20:15:07'),
(1019, 1, 4, 3, '{"temp":18.60,"hum":39.40}\0\0\0\0\0\0', '2015-10-26 20:15:11'),
(1020, 1, 2, 3, '{"temp":19.50,"hum":53.29}\0\0\0\0\0\0', '2015-10-26 21:15:06'),
(1021, 1, 4, 3, '{"temp":18.39,"hum":40.09}\0\0\0\0\0\0', '2015-10-26 21:15:09'),
(1022, 1, 2, 3, '{"temp":19.50,"hum":53.79}\0\0\0\0\0\0', '2015-10-26 22:15:06'),
(1023, 1, 4, 3, '{"temp":18.20,"hum":39.90}\0\0\0\0\0\0', '2015-10-26 22:15:08'),
(1024, 1, 2, 3, '{"temp":19.50,"hum":54.29}\0\0\0\0\0\0', '2015-10-26 23:15:05'),
(1025, 1, 4, 3, '{"temp":18.29,"hum":41.40}\0\0\0\0\0\0', '2015-10-26 23:15:08'),
(1026, 1, 2, 3, '{"temp":19.010,"hum":53.70}\0\0\0\0\0', '2015-10-27 00:15:04'),
(1027, 1, 4, 3, '{"temp":18.20,"hum":39.40}\0\0\0\0\0\0', '2015-10-27 00:15:07'),
(1028, 1, 2, 3, '{"temp":18.70,"hum":53.40}\0\0\0\0\0\0', '2015-10-27 01:15:04'),
(1029, 1, 4, 3, '{"temp":17.89,"hum":38.90}\0\0\0\0\0\0', '2015-10-27 01:15:06'),
(1030, 1, 2, 3, '{"temp":18.60,"hum":52.90}\0\0\0\0\0\0', '2015-10-27 02:15:05'),
(1031, 1, 4, 3, '{"temp":17.70,"hum":38.20}\0\0\0\0\0\0', '2015-10-27 02:15:08'),
(1032, 1, 2, 3, '{"temp":18.60,"hum":52.09}\0\0\0\0\0\0', '2015-10-27 03:15:06'),
(1033, 1, 4, 3, '{"temp":17.89,"hum":36.90}\0\0\0\0\0\0', '2015-10-27 03:15:10'),
(1034, 1, 2, 3, '{"temp":18.70,"hum":51.59}\0\0\0\0\0\0', '2015-10-27 04:15:07'),
(1035, 1, 4, 3, '{"temp":17.60,"hum":36.50}\0\0\0\0\0\0', '2015-10-27 04:15:11'),
(1036, 1, 2, 3, '{"temp":18.60,"hum":50.90}\0\0\0\0\0\0', '2015-10-27 05:15:08'),
(1037, 1, 4, 3, '{"temp":17.39,"hum":35.70}\0\0\0\0\0\0', '2015-10-27 05:15:14'),
(1038, 1, 2, 3, '{"temp":18.70,"hum":50.50}\0\0\0\0\0\0', '2015-10-27 06:25:26'),
(1039, 1, 4, 3, '{"temp":17.50,"hum":34.70}\0\0\0\0\0\0', '2015-10-27 06:25:34'),
(1040, 1, 2, 3, '{"temp":18.70,"hum":49.79}\0\0\0\0\0\0', '2015-10-27 09:11:20'),
(1041, 1, 4, 3, '{"temp":17.20,"hum":34.29}\0\0\0\0\0\0', '2015-10-27 09:11:21'),
(1042, 1, 2, 3, '{"temp":19.60,"hum":48.09}\0\0\0\0\0\0', '2015-10-27 10:10:03'),
(1043, 1, 4, 3, '{"temp":17.50,"hum":34.79}\0\0\0\0\0\0', '2015-10-27 10:10:05'),
(1044, 1, 2, 3, '{"temp":21.70,"hum":47.79}\0\0\0\0\0\0', '2015-10-27 11:10:03'),
(1045, 1, 4, 3, '{"temp":17.60,"hum":37.00}\0\0\0\0\0\0', '2015-10-27 11:10:05'),
(1046, 1, 2, 3, '{"temp":23.70,"hum":47.00}\0\0\0\0\0\0', '2015-10-27 12:10:04'),
(1047, 1, 4, 3, '{"temp":17.89,"hum":38.90}\0\0\0\0\0\0', '2015-10-27 12:10:05'),
(1048, 1, 2, 3, '{"temp":24.79,"hum":46.79}\0\0\0\0\0\0', '2015-10-27 13:10:04'),
(1049, 1, 4, 3, '{"temp":18.39,"hum":42.79}\0\0\0\0\0\0', '2015-10-27 13:10:06'),
(1050, 1, 2, 3, '{"temp":23.20,"hum":45.29}\0\0\0\0\0\0', '2015-10-27 14:10:03'),
(1051, 1, 4, 3, 'error;timeout', '2015-10-27 14:10:07'),
(1052, 1, 2, 3, '{"error":"timeout"}', '2015-10-27 15:10:06'),
(1053, 1, 4, 3, '{"error":"timeout"}', '2015-10-27 15:10:10'),
(1054, 1, 2, 3, '{"t":"23.50","h":"51.00"}\0\0\0\0\0\0\0', '2015-10-27 15:17:15'),
(1055, 1, 4, 3, '\0\0\0\0\0\0\0\0\0\0\0\0\0\0\0\0\0\0\0\0\0\0\0\0\0\0\0\0\0\0\0\0', '2015-10-27 15:19:15'),
(1056, 1, 4, 3, '\0\0\0\0\0\0\0\0\0\0\0\0\0\0\0\0\0\0\0\0\0\0\0\0\0\0\0\0\0\0\0\0', '2015-10-27 15:19:32'),
(1057, 1, 4, 3, '\0\0\0\0\0\0\0\0\0\0\0\0\0\0\0\0\0\0\0\0\0\0\0\0\0\0\0\0\0\0\0\0', '2015-10-27 15:19:56'),
(1058, 1, 4, 3, '{"t":"24.79","h":"34.90"}\0\0\0\0\0\0\0', '2015-10-27 15:23:46'),
(1059, 1, 2, 3, '{"t":"23.39","h":"50.70"}\0\0\0\0\0\0\0', '2015-10-27 16:50:05'),
(1060, 1, 4, 3, '{"error":"timeout"}', '2015-10-27 16:50:08'),
(1061, 1, 2, 3, '{"t":"23.89","h":"47.59"}\0\0\0\0\0\0\0', '2015-10-27 16:58:03'),
(1062, 1, 4, 3, '{"error":"timeout"}', '2015-10-27 16:58:14'),
(1063, 1, 4, 3, '{"error":"timeout"}', '2015-10-27 16:58:29'),
(1064, 1, 4, 3, '{"error":"timeout"}', '2015-10-27 16:58:52'),
(1065, 1, 2, 3, '{"t":"22.70","h":"50.50"}\0\0\0\0\0\0\0', '2015-10-27 16:59:07'),
(1066, 1, 4, 3, '{"error":"timeout"}', '2015-10-27 16:59:28'),
(1067, 1, 4, 3, '{"t":"24.89","h":"32.20"}\0\0\0\0\0\0\0', '2015-10-27 16:59:53'),
(1068, 1, 4, 3, '{"t":"23.00","h":"34.90"}\0\0\0\0\0\0\0', '2015-10-27 17:00:10'),
(1069, 1, 4, 3, '{"t":"22.79","h":"34.90"}\0\0\0\0\0\0\0', '2015-10-27 17:00:22'),
(1070, 1, 4, 3, '{"t":"22.70","h":"34.90"}\0\0\0\0\0\0\0', '2015-10-27 17:00:29'),
(1071, 1, 4, 3, '{"t":"22.70","h":"35.00"}\0\0\0\0\0\0\0', '2015-10-27 17:00:38'),
(1072, 1, 2, 3, '{"t":"22.50","h":"50.59"}\0\0\0\0\0\0\0', '2015-10-27 17:34:54'),
(1073, 1, 4, 3, '{"t":"22.70","h":"35.00"}\0\0\0\0\0\0\0', '2015-10-27 17:35:08'),
(1074, 1, 2, 3, '{"t":"20.50","h":"52.40"}\0\0\0\0\0\0\0', '2015-10-27 17:50:03'),
(1075, 1, 4, 3, '{"t":"21.29","h":"39.40"}\0\0\0\0\0\0\0', '2015-10-27 17:50:05'),
(1076, 1, 2, 3, '{"t":"20.39","h":"53.70"}\0\0\0\0\0\0\0', '2015-10-27 18:50:04'),
(1077, 1, 4, 3, '{"t":"20.79","h":"42.20"}\0\0\0\0\0\0\0', '2015-10-27 18:50:06'),
(1078, 1, 2, 3, '{"t":"21.29","h":"54.59"}\0\0\0\0\0\0\0', '2015-10-27 19:50:03'),
(1079, 1, 4, 3, '{"error":"timeout"}', '2015-10-27 19:50:07'),
(1080, 1, 2, 3, '{"t":"21.20","h":"56.09"}\0\0\0\0\0\0\0', '2015-10-27 20:50:05'),
(1081, 1, 4, 3, '{"t":"20.79","h":"42.20"}\0\0\0\0\0\0\0', '2015-10-27 20:50:08'),
(1082, 1, 2, 3, '{"t":"20.79","h":"56.70"}\0\0\0\0\0\0\0', '2015-10-27 21:50:03'),
(1083, 1, 4, 3, '{"t":"19.29","h":"41.79"}\0\0\0\0\0\0\0', '2015-10-27 21:50:05'),
(1084, 1, 2, 3, '{"t":"20.70","h":"55.50"}\0\0\0\0\0\0\0', '2015-10-27 22:50:04'),
(1085, 1, 4, 3, '{"error":"timeout"}', '2015-10-27 22:50:08'),
(1086, 1, 2, 3, '{"t":"20.29","h":"55.20"}\0\0\0\0\0\0\0', '2015-10-27 23:50:03'),
(1087, 1, 4, 3, '{"error":"action not exists"}\0\0\0', '2015-10-27 23:50:05'),
(1088, 1, 2, 3, '{"t":"20.00","h":"54.09"}\0\0\0\0\0\0\0', '2015-10-28 00:50:03'),
(1089, 1, 4, 3, '{"error":"timeout"}', '2015-10-28 00:50:07'),
(1090, 1, 2, 3, '{"t":"19.70","h":"53.50"}\0\0\0\0\0\0\0', '2015-10-28 01:50:03'),
(1091, 1, 4, 3, '{"error":"timeout"}', '2015-10-28 01:50:08'),
(1092, 1, 2, 3, '{"t":"19.50","h":"53.00"}\0\0\0\0\0\0\0', '2015-10-28 02:50:03'),
(1093, 1, 4, 3, '{"error":"timeout"}', '2015-10-28 02:50:07'),
(1094, 1, 2, 3, '{"t":"19.29","h":"52.70"}\0\0\0\0\0\0\0', '2015-10-28 03:50:03'),
(1095, 1, 4, 3, '{"error":"timeout"}', '2015-10-28 03:50:08'),
(1096, 1, 2, 3, '{"t":"19.29","h":"52.70"}\0\0\0\0\0\0\0', '2015-10-28 04:50:04'),
(1097, 1, 4, 3, '{"error":"action not exists"}\0\0\0', '2015-10-28 04:50:05'),
(1098, 1, 2, 3, '{"t":"18.79","h":"52.09"}\0\0\0\0\0\0\0', '2015-10-28 05:50:03'),
(1099, 1, 4, 3, '{"error":"action not exists"}\0\0\0', '2015-10-28 05:50:04'),
(1100, 1, 2, 3, '{"t":"18.60","h":"51.79"}\0\0\0\0\0\0\0', '2015-10-28 06:50:03'),
(1101, 1, 4, 3, '{"t":"19.20","h":"42.29"}\0\0\0\0\0\0\0', '2015-10-28 06:50:05'),
(1102, 1, 2, 3, '{"t":"18.50","h":"51.79"}\0\0\0\0\0\0\0', '2015-10-28 07:50:04'),
(1103, 1, 4, 3, '{"error":"timeout"}', '2015-10-28 07:50:08'),
(1104, 1, 2, 3, '{"t":"18.39","h":"51.40"}\0\0\0\0\0\0\0', '2015-10-28 08:50:03'),
(1105, 1, 4, 3, '{"error":"timeout"}', '2015-10-28 08:50:08'),
(1106, 1, 2, 3, '{"t":"19.29","h":"52.29"}\0\0\0\0\0\0\0', '2015-10-28 09:50:03'),
(1107, 1, 4, 3, '{"error":"timeout"}', '2015-10-28 09:50:07'),
(1108, 1, 2, 3, '{"t":"20.00","h":"51.09"}\0\0\0\0\0\0\0', '2015-10-28 10:50:03'),
(1109, 1, 4, 3, '{"error":"timeout"}', '2015-10-28 10:50:07'),
(1110, 1, 2, 3, '{"t":"19.89","h":"50.79"}\0\0\0\0\0\0\0', '2015-10-28 11:50:03'),
(1111, 1, 4, 3, '{"t":"18.20","h":"37.90"}\0\0\0\0\0\0\0', '2015-10-28 11:50:05'),
(1112, 1, 2, 3, '{"t":"19.79","h":"50.59"}\0\0\0\0\0\0\0', '2015-10-28 12:50:03'),
(1113, 1, 4, 3, '{"error":"timeout"}', '2015-10-28 12:50:07'),
(1114, 1, 2, 3, '{"t":"19.89","h":"50.40"}\0\0\0\0\0\0\0', '2015-10-28 13:50:03'),
(1115, 1, 4, 3, '{"error":"action not exists"}\0\0\0', '2015-10-28 13:50:05'),
(1116, 1, 2, 3, '{"t":"20.00","h":"49.70"}\0\0\0\0\0\0\0', '2015-10-28 14:50:03'),
(1117, 1, 4, 3, '{"error":"action not exists"}\0\0\0', '2015-10-28 14:50:04'),
(1118, 1, 2, 3, '{"t":"19.60","h":"50.70"}\0\0\0\0\0\0\0', '2015-10-28 15:50:03'),
(1119, 1, 4, 3, '{"error":"timeout"}', '2015-10-28 15:50:07'),
(1120, 1, 2, 3, '{"t":"19.39","h":"51.00"}\0\0\0\0\0\0\0', '2015-10-28 16:50:03'),
(1121, 1, 4, 3, '{"t":"18.60","h":"38.70"}\0\0\0\0\0\0\0', '2015-10-28 16:50:05'),
(1122, 1, 2, 3, '{"t":"19.20","h":"51.40"}\0\0\0\0\0\0\0', '2015-10-28 17:50:03'),
(1123, 1, 4, 3, '{"t":"18.39","h":"39.50"}\0\0\0\0\0\0\0', '2015-10-28 17:50:05'),
(1124, 1, 2, 3, '{"t":"18.89","h":"51.90"}\0\0\0\0\0\0\0', '2015-10-28 18:50:04'),
(1125, 1, 4, 3, '{"error":"timeout"}', '2015-10-28 18:50:08'),
(1126, 1, 2, 3, '{"t":"18.70","h":"52.20"}\0\0\0\0\0\0\0', '2015-10-28 19:50:03'),
(1127, 1, 4, 3, '{"t":"18.29","h":"40.00"}\0\0\0\0\0\0\0', '2015-10-28 19:50:05'),
(1128, 1, 2, 3, '{"t":"19.20","h":"54.20"}\0\0\0\0\0\0\0', '2015-10-28 20:50:04'),
(1129, 1, 4, 3, '{"t":"18.00","h":"41.50"}\0\0\0\0\0\0\0', '2015-10-28 20:50:06'),
(1130, 1, 2, 3, '{"t":"19.70","h":"54.40"}\0\0\0\0\0\0\0', '2015-10-28 21:50:03'),
(1131, 1, 4, 3, '{"t":"17.89","h":"42.00"}\0\0\0\0\0\0\0', '2015-10-28 21:50:05'),
(1132, 1, 2, 3, '{"t":"19.60","h":"55.40"}\0\0\0\0\0\0\0', '2015-10-28 22:50:03'),
(1133, 1, 4, 3, '{"error":"action not exists"}\0\0\0', '2015-10-28 22:50:05'),
(1134, 1, 2, 3, '{"t":"19.00","h":"55.09"}\0\0\0\0\0\0\0', '2015-10-28 23:50:03'),
(1135, 1, 4, 3, '{"t":"18.00","h":"42.79"}\0\0\0\0\0\0\0', '2015-10-28 23:50:05'),
(1136, 1, 2, 3, '{"t":"19.00","h":"54.59"}\0\0\0\0\0\0\0', '2015-10-29 00:50:04'),
(1137, 1, 4, 3, '{"t":"18.00","h":"42.79"}\0\0\0\0\0\0\0', '2015-10-29 00:50:06'),
(1138, 1, 2, 3, '{"t":"18.79","h":"54.29"}\0\0\0\0\0\0\0', '2015-10-29 01:50:03'),
(1139, 1, 4, 3, '{"error":"action not exists"}\0\0\0', '2015-10-29 01:50:04'),
(1140, 1, 2, 3, '{"t":"18.70","h":"54.29"}\0\0\0\0\0\0\0', '2015-10-29 02:50:03'),
(1141, 1, 4, 3, '{"t":"18.20","h":"41.79"}\0\0\0\0\0\0\0', '2015-10-29 02:50:05'),
(1142, 1, 2, 3, '{"t":"18.70","h":"54.50"}\0\0\0\0\0\0\0', '2015-10-29 03:50:03'),
(1143, 1, 4, 3, '{"t":"18.20","h":"41.79"}\0\0\0\0\0\0\0', '2015-10-29 03:50:05'),
(1144, 1, 2, 3, '{"t":"18.60","h":"54.70"}\0\0\0\0\0\0\0', '2015-10-29 04:50:03'),
(1145, 1, 4, 3, '{"t":"18.00","h":"43.40"}\0\0\0\0\0\0\0', '2015-10-29 04:50:05'),
(1146, 1, 2, 3, '{"t":"18.50","h":"54.90"}\0\0\0\0\0\0\0', '2015-10-29 05:50:04'),
(1147, 1, 4, 3, '{"t":"17.79","h":"44.00"}\0\0\0\0\0\0\0', '2015-10-29 05:50:05'),
(1148, 1, 2, 3, '{"t":"18.39","h":"54.90"}\0\0\0\0\0\0\0', '2015-10-29 06:50:03'),
(1149, 1, 4, 3, '{"t":"17.89","h":"43.50"}\0\0\0\0\0\0\0', '2015-10-29 06:50:05'),
(1150, 1, 2, 3, '{"t":"18.39","h":"55.09"}\0\0\0\0\0\0\0', '2015-10-29 07:50:04'),
(1151, 1, 4, 3, '{"error":"timeout"}', '2015-10-29 07:50:08'),
(1152, 1, 2, 3, '{"t":"18.50","h":"56.40"}\0\0\0\0\0\0\0', '2015-10-29 08:50:03'),
(1153, 1, 4, 3, '{"t":"17.79","h":"43.79"}\0\0\0\0\0\0\0', '2015-10-29 08:50:04'),
(1154, 1, 2, 3, '{"t":"18.50","h":"56.40"}\0\0\0\0\0\0\0', '2015-10-29 09:50:03'),
(1155, 1, 4, 3, '{"t":"17.89","h":"46.29"}\0\0\0\0\0\0\0', '2015-10-29 09:50:05'),
(1156, 1, 2, 3, '{"t":"18.60","h":"56.00"}\0\0\0\0\0\0\0', '2015-10-29 10:50:04'),
(1157, 1, 4, 3, '{"error":"action not exists"}\0\0\0', '2015-10-29 10:50:04'),
(1158, 1, 2, 3, '{"t":"18.79","h":"55.40"}\0\0\0\0\0\0\0', '2015-10-29 11:50:03'),
(1159, 1, 4, 3, '{"error":"timeout"}', '2015-10-29 11:50:07'),
(1160, 1, 2, 3, '{"t":"19.60","h":"54.40"}\0\0\0\0\0\0\0', '2015-10-29 12:50:03'),
(1161, 1, 4, 3, '{"error":"timeout"}', '2015-10-29 12:50:07'),
(1162, 1, 2, 3, '{"t":"21.89","h":"52.50"}\0\0\0\0\0\0\0', '2015-10-29 13:50:03'),
(1163, 1, 4, 3, '{"error":"timeout"}', '2015-10-29 13:50:08'),
(1164, 1, 2, 3, '{"t":"21.00","h":"52.79"}\0\0\0\0\0\0\0', '2015-10-29 14:50:03'),
(1165, 1, 4, 3, '{"error":"timeout"}', '2015-10-29 14:50:07'),
(1166, 1, 2, 3, '{"t":"20.39","h":"53.00"}\0\0\0\0\0\0\0', '2015-10-29 15:50:04'),
(1167, 1, 4, 3, '{"error":"timeout"}', '2015-10-29 15:50:07'),
(1168, 1, 2, 3, '{"t":"19.89","h":"53.29"}\0\0\0\0\0\0\0', '2015-10-29 16:50:03'),
(1169, 1, 4, 3, '{"error":"timeout"}', '2015-10-29 16:50:08'),
(1170, 1, 2, 3, '{"t":"20.00","h":"52.50"}\0\0\0\0\0\0\0', '2015-10-29 17:50:03'),
(1171, 1, 4, 3, '{"t":"17.89","h":"45.50"}\0\0\0\0\0\0\0', '2015-10-29 17:50:04'),
(1172, 1, 2, 3, '{"t":"19.50","h":"53.20"}\0\0\0\0\0\0\0', '2015-10-29 18:50:03'),
(1173, 1, 4, 3, '{"error":"timeout"}', '2015-10-29 18:50:07'),
(1174, 1, 2, 3, '{"t":"19.20","h":"53.50"}\0\0\0\0\0\0\0', '2015-10-29 19:50:03'),
(1175, 1, 4, 3, '{"error":"timeout"}', '2015-10-29 19:50:07'),
(1176, 1, 2, 3, '{"t":"19.00","h":"53.59"}\0\0\0\0\0\0\0', '2015-10-29 20:50:03'),
(1177, 1, 4, 3, '{"t":"18.89","h":"39.79"}\0\0\0\0\0\0\0', '2015-10-29 20:50:05'),
(1178, 1, 2, 3, '{"t":"19.00","h":"53.59"}\0\0\0\0\0\0\0', '2015-10-29 21:50:03'),
(1179, 1, 4, 3, '{"error":"timeout"}', '2015-10-29 21:50:07'),
(1180, 1, 2, 3, '{"t":"19.00","h":"55.09"}\0\0\0\0\0\0\0', '2015-10-29 22:50:03'),
(1181, 1, 4, 3, '{"error":"timeout"}', '2015-10-29 22:50:07'),
(1182, 1, 2, 3, '{"t":"18.89","h":"54.09"}\0\0\0\0\0\0\0', '2015-10-29 23:50:04'),
(1183, 1, 4, 3, '{"error":"timeout"}', '2015-10-29 23:50:08'),
(1184, 1, 2, 3, '{"t":"18.50","h":"54.09"}\0\0\0\0\0\0\0', '2015-10-30 00:50:03'),
(1185, 1, 4, 3, '{"error":"timeout"}', '2015-10-30 00:50:08'),
(1186, 1, 2, 3, '{"t":"18.20","h":"53.90"}\0\0\0\0\0\0\0', '2015-10-30 01:50:03'),
(1187, 1, 4, 3, '{"error":"timeout"}', '2015-10-30 01:50:07'),
(1188, 1, 2, 3, '{"t":"18.00","h":"53.59"}\0\0\0\0\0\0\0', '2015-10-30 02:50:03'),
(1189, 1, 4, 3, '{"error":"timeout"}', '2015-10-30 02:50:07'),
(1190, 1, 2, 3, '{"t":"17.79","h":"53.20"}\0\0\0\0\0\0\0', '2015-10-30 03:50:03'),
(1191, 1, 4, 3, '{"error":"action not exists"}\0\0\0', '2015-10-30 03:50:04'),
(1192, 1, 2, 3, '{"t":"17.60","h":"53.00"}\0\0\0\0\0\0\0', '2015-10-30 04:50:03'),
(1193, 1, 4, 3, '{"error":"timeout"}', '2015-10-30 04:50:06'),
(1194, 1, 2, 3, '{"t":"17.50","h":"52.79"}\0\0\0\0\0\0\0', '2015-10-30 05:50:04'),
(1195, 1, 4, 3, '{"error":"timeout"}', '2015-10-30 05:50:08'),
(1196, 1, 2, 3, '{"t":"17.29","h":"52.59"}\0\0\0\0\0\0\0', '2015-10-30 06:50:03'),
(1197, 1, 4, 3, '{"error":"timeout"}', '2015-10-30 06:50:07'),
(1198, 1, 2, 3, '{"t":"17.20","h":"52.40"}\0\0\0\0\0\0\0', '2015-10-30 07:50:03'),
(1199, 1, 4, 3, '{"error":"timeout"}', '2015-10-30 07:50:07'),
(1200, 1, 2, 3, '{"t":"19.00","h":"50.70"}\0\0\0\0\0\0\0', '2015-10-30 08:50:03'),
(1201, 1, 4, 3, '{"t":"18.50","h":"40.40"}\0\0\0\0\0\0\0', '2015-10-30 08:50:05'),
(1202, 1, 2, 3, '{"t":"18.60","h":"51.79"}\0\0\0\0\0\0\0', '2015-10-30 09:50:03'),
(1203, 1, 4, 3, '{"t":"17.29","h":"39.70"}\0\0\0\0\0\0\0', '2015-10-30 09:50:05'),
(1204, 1, 2, 3, '{"t":"19.50","h":"50.50"}\0\0\0\0\0\0\0', '2015-10-30 10:50:04'),
(1205, 1, 4, 3, '{"t":"17.60","h":"38.00"}\0\0\0\0\0\0\0', '2015-10-30 10:50:06'),
(1206, 1, 2, 3, '{"t":"20.50","h":"49.79"}\0\0\0\0\0\0\0', '2015-10-30 11:50:03'),
(1207, 1, 4, 3, '{"error":"timeout"}', '2015-10-30 11:50:07'),
(1208, 1, 2, 3, '{"t":"20.60","h":"50.09"}\0\0\0\0\0\0\0', '2015-10-30 12:50:04'),
(1209, 1, 4, 3, '{"error":"timeout"}', '2015-10-30 12:50:08'),
(1210, 1, 2, 3, '{"t":"21.00","h":"49.59"}\0\0\0\0\0\0\0', '2015-10-30 13:50:03'),
(1211, 1, 4, 3, '{"error":"timeout"}', '2015-10-30 13:50:07'),
(1212, 1, 2, 3, '{"t":"21.00","h":"49.59"}\0\0\0\0\0\0\0', '2015-10-30 14:50:03'),
(1213, 1, 4, 3, '{"error":"timeout"}', '2015-10-30 14:50:07'),
(1214, 1, 2, 3, '{"t":"20.20","h":"50.90"}\0\0\0\0\0\0\0', '2015-10-30 15:50:03'),
(1215, 1, 4, 3, '{"error":"timeout"}', '2015-10-30 15:50:07'),
(1216, 1, 2, 3, '{"t":"20.20","h":"50.90"}\0\0\0\0\0\0\0', '2015-10-30 16:50:03'),
(1217, 1, 4, 3, '{"error":"timeout"}', '2015-10-30 16:50:07'),
(1218, 1, 2, 3, '{"t":"19.60","h":"53.90"}\0\0\0\0\0\0\0', '2015-10-30 17:50:03'),
(1219, 1, 4, 3, '{"error":"timeout"}', '2015-10-30 17:50:07'),
(1220, 1, 2, 3, '{"t":"19.29","h":"55.20"}\0\0\0\0\0\0\0', '2015-10-30 18:50:04'),
(1221, 1, 4, 3, '{"error":"timeout"}', '2015-10-30 18:50:08'),
(1222, 1, 2, 3, '{"t":"19.29","h":"56.00"}\0\0\0\0\0\0\0', '2015-10-30 19:50:04'),
(1223, 1, 4, 3, '{"error":"timeout"}', '2015-10-30 19:50:08'),
(1224, 1, 2, 3, '{"t":"19.20","h":"58.40"}\0\0\0\0\0\0\0', '2015-10-30 20:50:03'),
(1225, 1, 4, 3, '{"t":"17.79","h":"38.00"}\0\0\0\0\0\0\0', '2015-10-30 20:50:05'),
(1226, 1, 2, 3, '{"t":"19.20","h":"58.40"}\0\0\0\0\0\0\0', '2015-10-30 21:50:04'),
(1227, 1, 4, 3, '{"t":"18.50","h":"48.90"}\0\0\0\0\0\0\0', '2015-10-30 21:50:05'),
(1228, 1, 2, 3, '\0\0\0\0\0\0\0\0\0\0\0\0\0\0\0\0\0\0\0\0\0\0\0\0\0\0\0\0\0\0\0\0', '2015-10-30 22:50:04'),
(1229, 1, 4, 3, '{"t":"17.89","h":"49.50"}\0\0\0\0\0\0\0', '2015-10-30 22:50:05'),
(1230, 1, 2, 3, '{"t":"19.00","h":"60.00"}\0\0\0\0\0\0\0', '2015-10-30 23:50:05'),
(1231, 1, 4, 3, '{"error":"timeout"}', '2015-10-30 23:50:12'),
(1232, 1, 2, 3, '{"t":"18.89","h":"61.00"}\0\0\0\0\0\0\0', '2015-10-31 00:50:04'),
(1233, 1, 4, 3, '{"t":"17.89","h":"50.79"}\0\0\0\0\0\0\0', '2015-10-31 00:50:05'),
(1234, 1, 2, 3, '{"t":"18.89","h":"60.79"}\0\0\0\0\0\0\0', '2015-10-31 01:50:03'),
(1235, 1, 4, 3, '{"t":"17.60","h":"50.50"}\0\0\0\0\0\0\0', '2015-10-31 01:50:07'),
(1236, 1, 2, 3, '{"t":"18.79","h":"60.20"}\0\0\0\0\0\0\0', '2015-10-31 02:50:03'),
(1237, 1, 4, 3, '{"error":"timeout"}', '2015-10-31 02:50:08'),
(1238, 1, 2, 3, '{"t":"18.60","h":"59.00"}\0\0\0\0\0\0\0', '2015-10-31 03:50:04'),
(1239, 1, 4, 3, '{"error":"timeout"}', '2015-10-31 03:50:07'),
(1240, 1, 2, 3, '{"t":"18.39","h":"57.00"}\0\0\0\0\0\0\0', '2015-10-31 04:50:03'),
(1241, 1, 4, 3, '{"error":"timeout"}', '2015-10-31 04:50:07'),
(1242, 1, 2, 3, '{"t":"18.39","h":"57.00"}\0\0\0\0\0\0\0', '2015-10-31 05:50:03'),
(1243, 1, 4, 3, '{"error":"timeout"}', '2015-10-31 05:50:07'),
(1244, 1, 2, 3, '{"t":"17.70","h":"55.70"}\0\0\0\0\0\0\0', '2015-10-31 06:50:03'),
(1245, 1, 4, 3, '{"error":"timeout"}', '2015-10-31 06:50:07'),
(1246, 1, 2, 3, '{"t":"17.39","h":"55.20"}\0\0\0\0\0\0\0', '2015-10-31 07:50:03'),
(1247, 1, 4, 3, '{"error":"timeout"}', '2015-10-31 07:50:07'),
(1248, 1, 2, 3, '{"t":"17.20","h":"54.70"}\0\0\0\0\0\0\0', '2015-10-31 08:50:03'),
(1249, 1, 4, 3, '{"error":"timeout"}', '2015-10-31 08:50:06'),
(1250, 1, 2, 3, '{"t":"17.50","h":"54.09"}\0\0\0\0\0\0\0', '2015-10-31 09:50:03'),
(1251, 1, 4, 3, '{"error":"timeout"}', '2015-10-31 09:50:07'),
(1252, 1, 2, 3, '{"t":"19.20","h":"53.50"}\0\0\0\0\0\0\0', '2015-10-31 10:50:04'),
(1253, 1, 4, 3, '{"error":"timeout"}', '2015-10-31 10:50:08'),
(1254, 1, 2, 3, '{"t":"21.39","h":"51.59"}\0\0\0\0\0\0\0', '2015-10-31 11:50:03'),
(1255, 1, 4, 3, '{"error":"timeout"}', '2015-10-31 11:50:07'),
(1256, 1, 2, 3, '{"t":"21.39","h":"51.59"}\0\0\0\0\0\0\0', '2015-10-31 12:50:03'),
(1257, 1, 4, 3, '{"error":"timeout"}', '2015-10-31 12:50:07'),
(1258, 1, 2, 3, '{"t":"22.79","h":"49.50"}\0\0\0\0\0\0\0', '2015-10-31 13:50:03'),
(1259, 1, 4, 3, '{"error":"timeout"}', '2015-10-31 13:50:07'),
(1260, 1, 2, 3, '{"error":"timeout"}', '2015-10-31 14:50:06'),
(1261, 1, 4, 3, '{"t":"17.70","h":"48.70"}\0\0\0\0\0\0\0', '2015-10-31 14:50:08'),
(1262, 1, 2, 3, '{"t":"21.50","h":"51.09"}\0\0\0\0\0\0\0', '2015-10-31 15:50:03'),
(1263, 1, 4, 3, '{"error":"timeout"}', '2015-10-31 15:50:07'),
(1264, 1, 2, 3, '{"t":"22.79","h":"46.79"}\0\0\0\0\0\0\0', '2015-10-31 16:50:03'),
(1265, 1, 4, 3, '{"error":"timeout"}', '2015-10-31 16:50:07'),
(1266, 1, 2, 3, '{"t":"21.20","h":"49.50"}\0\0\0\0\0\0\0', '2015-10-31 17:50:04'),
(1267, 1, 4, 3, '{"error":"action not exists"}\0\0\0', '2015-10-31 17:50:05'),
(1268, 1, 2, 3, '{"t":"19.70","h":"52.90"}\0\0\0\0\0\0\0', '2015-10-31 18:50:03'),
(1269, 1, 4, 3, '{"error":"timeout"}', '2015-10-31 18:50:07'),
(1270, 1, 2, 3, '{"t":"19.39","h":"53.20"}\0\0\0\0\0\0\0', '2015-10-31 19:50:03'),
(1271, 1, 4, 3, '{"t":"19.50","h":"40.50"}\0\0\0\0\0\0\0', '2015-10-31 19:50:04'),
(1272, 1, 2, 3, '{"t":"19.29","h":"55.79"}\0\0\0\0\0\0\0', '2015-10-31 20:50:03'),
(1273, 1, 4, 3, '{"t":"18.39","h":"42.40"}\0\0\0\0\0\0\0', '2015-10-31 20:50:05'),
(1274, 1, 2, 3, '{"t":"19.29","h":"55.79"}\0\0\0\0\0\0\0', '2015-10-31 21:50:04'),
(1275, 1, 4, 3, '{"t":"18.20","h":"42.29"}\0\0\0\0\0\0\0', '2015-10-31 21:50:05'),
(1276, 1, 2, 3, '{"t":"18.79","h":"53.50"}\0\0\0\0\0\0\0', '2015-10-31 22:50:04'),
(1277, 1, 4, 3, '{"t":"17.89","h":"42.20"}\0\0\0\0\0\0\0', '2015-10-31 22:50:05'),
(1278, 1, 2, 3, '{"t":"18.70","h":"53.00"}\0\0\0\0\0\0\0', '2015-10-31 23:50:03'),
(1279, 1, 4, 3, '{"t":"17.60","h":"41.40"}\0\0\0\0\0\0\0', '2015-10-31 23:50:04'),
(1280, 1, 2, 3, '{"t":"18.39","h":"53.00"}\0\0\0\0\0\0\0', '2015-11-01 00:50:03'),
(1281, 1, 4, 3, '{"t":"17.39","h":"40.90"}\0\0\0\0\0\0\0', '2015-11-01 00:50:05'),
(1282, 1, 2, 3, '{"t":"18.50","h":"55.20"}\0\0\0\0\0\0\0', '2015-11-01 01:50:03'),
(1283, 1, 4, 3, '{"t":"17.50","h":"41.00"}\0\0\0\0\0\0\0', '2015-11-01 01:50:05'),
(1284, 1, 2, 3, '{"t":"18.39","h":"55.40"}\0\0\0\0\0\0\0', '2015-11-01 02:50:03'),
(1285, 1, 4, 3, '{"t":"17.29","h":"40.40"}\0\0\0\0\0\0\0', '2015-11-01 02:50:05'),
(1286, 1, 2, 3, '{"t":"18.20","h":"53.50"}\0\0\0\0\0\0\0', '2015-11-01 03:50:03'),
(1287, 1, 4, 3, '{"t":"17.00","h":"39.09"}\0\0\0\0\0\0\0', '2015-11-01 03:50:05'),
(1288, 1, 2, 3, '{"t":"18.00","h":"52.29"}\0\0\0\0\0\0\0', '2015-11-01 04:50:04'),
(1289, 1, 4, 3, '{"t":"17.00","h":"38.90"}\0\0\0\0\0\0\0', '2015-11-01 04:50:06'),
(1290, 1, 2, 3, '{"t":"17.50","h":"52.09"}\0\0\0\0\0\0\0', '2015-11-01 05:50:03'),
(1291, 1, 4, 3, '{"t":"16.89","h":"38.00"}\0\0\0\0\0\0\0', '2015-11-01 05:50:05'),
(1292, 1, 2, 3, '{"t":"17.20","h":"51.79"}\0\0\0\0\0\0\0', '2015-11-01 06:50:03'),
(1293, 1, 4, 3, '{"t":"16.70","h":"38.20"}\0\0\0\0\0\0\0', '2015-11-01 06:50:05'),
(1294, 1, 2, 3, '{"t":"16.89","h":"51.50"}\0\0\0\0\0\0\0', '2015-11-01 07:50:04'),
(1295, 1, 4, 3, '{"t":"16.50","h":"38.29"}\0\0\0\0\0\0\0', '2015-11-01 07:50:05'),
(1296, 1, 2, 3, '{"t":"17.00","h":"51.00"}\0\0\0\0\0\0\0', '2015-11-01 08:50:03'),
(1297, 1, 4, 3, '{"t":"16.50","h":"38.09"}\0\0\0\0\0\0\0', '2015-11-01 08:50:05'),
(1298, 1, 2, 3, '{"t":"17.00","h":"51.00"}\0\0\0\0\0\0\0', '2015-11-01 09:50:03'),
(1299, 1, 4, 3, '{"t":"16.50","h":"37.90"}\0\0\0\0\0\0\0', '2015-11-01 09:50:04'),
(1300, 1, 2, 3, '{"t":"19.39","h":"49.00"}\0\0\0\0\0\0\0', '2015-11-01 10:50:03'),
(1301, 1, 4, 3, '{"t":"16.60","h":"38.20"}\0\0\0\0\0\0\0', '2015-11-01 10:50:05'),
(1302, 1, 2, 3, '{"t":"21.39","h":"48.00"}\0\0\0\0\0\0\0', '2015-11-01 11:50:03'),
(1303, 1, 4, 3, '{"t":"16.70","h":"39.00"}\0\0\0\0\0\0\0', '2015-11-01 11:50:05'),
(1304, 1, 2, 3, '{"t":"23.50","h":"46.50"}\0\0\0\0\0\0\0', '2015-11-01 12:50:03'),
(1305, 1, 4, 3, '{"t":"16.70","h":"39.00"}\0\0\0\0\0\0\0', '2015-11-01 12:50:04'),
(1306, 1, 2, 3, '{"t":"23.50","h":"46.50"}\0\0\0\0\0\0\0', '2015-11-01 13:50:03'),
(1307, 1, 4, 3, '{"t":"17.29","h":"40.50"}\0\0\0\0\0\0\0', '2015-11-01 13:50:05'),
(1308, 1, 2, 3, '{"t":"21.50","h":"50.50"}\0\0\0\0\0\0\0', '2015-11-01 14:50:03'),
(1309, 1, 4, 3, '{"t":"18.00","h":"39.59"}\0\0\0\0\0\0\0', '2015-11-01 14:50:05'),
(1310, 1, 2, 3, '{"t":"21.79","h":"49.90"}\0\0\0\0\0\0\0', '2015-11-01 15:50:04'),
(1311, 1, 4, 3, '{"t":"19.70","h":"37.00"}\0\0\0\0\0\0\0', '2015-11-01 15:50:06'),
(1312, 1, 2, 3, '{"t":"23.20","h":"47.29"}\0\0\0\0\0\0\0', '2015-11-01 16:50:03'),
(1313, 1, 4, 3, '{"t":"31.60","h":"19.60"}\0\0\0\0\0\0\0', '2015-11-01 16:50:04'),
(1314, 1, 2, 3, '{"t":"22.20","h":"49.70"}\0\0\0\0\0\0\0', '2015-11-01 17:50:03'),
(1315, 1, 4, 3, '{"t":"22.39","h":"34.79"}\0\0\0\0\0\0\0', '2015-11-01 17:50:05'),
(1316, 1, 2, 3, '{"t":"20.39","h":"54.29"}\0\0\0\0\0\0\0', '2015-11-01 18:50:04'),
(1317, 1, 4, 3, '{"t":"19.60","h":"39.20"}\0\0\0\0\0\0\0', '2015-11-01 18:50:05'),
(1318, 1, 2, 3, '{"t":"20.00","h":"57.20"}\0\0\0\0\0\0\0', '2015-11-01 19:50:03'),
(1319, 1, 4, 3, '{"t":"19.29","h":"48.70"}\0\0\0\0\0\0\0', '2015-11-01 19:50:05'),
(1320, 1, 2, 3, '{"t":"19.89","h":"57.29"}\0\0\0\0\0\0\0', '2015-11-01 20:50:04'),
(1321, 1, 4, 3, '{"t":"18.79","h":"46.09"}\0\0\0\0\0\0\0', '2015-11-01 20:50:05'),
(1322, 1, 2, 3, '{"t":"19.60","h":"56.40"}\0\0\0\0\0\0\0', '2015-11-01 21:50:03'),
(1323, 1, 4, 3, '{"t":"18.29","h":"42.00"}\0\0\0\0\0\0\0', '2015-11-01 21:50:05'),
(1324, 1, 2, 3, '{"t":"19.50","h":"56.40"}\0\0\0\0\0\0\0', '2015-11-01 22:50:03'),
(1325, 1, 4, 3, '{"t":"18.00","h":"41.50"}\0\0\0\0\0\0\0', '2015-11-01 22:50:05'),
(1326, 1, 2, 3, '{"t":"19.50","h":"56.40"}\0\0\0\0\0\0\0', '2015-11-01 23:50:03'),
(1327, 1, 4, 3, '{"t":"17.89","h":"40.29"}\0\0\0\0\0\0\0', '2015-11-01 23:50:04'),
(1328, 1, 2, 3, '{"t":"19.00","h":"53.70"}\0\0\0\0\0\0\0', '2015-11-02 00:50:03'),
(1329, 1, 4, 3, '{"t":"17.70","h":"40.70"}\0\0\0\0\0\0\0', '2015-11-02 00:50:06'),
(1330, 1, 2, 3, '{"t":"18.70","h":"53.09"}\0\0\0\0\0\0\0', '2015-11-02 01:50:03'),
(1331, 1, 4, 3, '{"t":"17.39","h":"40.59"}\0\0\0\0\0\0\0', '2015-11-02 01:50:05'),
(1332, 1, 2, 3, '{"t":"18.39","h":"53.09"}\0\0\0\0\0\0\0', '2015-11-02 02:50:03'),
(1333, 1, 4, 3, '{"t":"17.29","h":"40.20"}\0\0\0\0\0\0\0', '2015-11-02 02:50:05'),
(1334, 1, 2, 3, '{"t":"18.39","h":"53.09"}\0\0\0\0\0\0\0', '2015-11-02 03:50:04'),
(1335, 1, 4, 3, '{"t":"17.39","h":"39.00"}\0\0\0\0\0\0\0', '2015-11-02 03:50:05'),
(1336, 1, 2, 3, '{"t":"18.00","h":"52.29"}\0\0\0\0\0\0\0', '2015-11-02 04:50:03'),
(1337, 1, 4, 3, '{"t":"17.39","h":"39.00"}\0\0\0\0\0\0\0', '2015-11-02 04:50:05'),
(1338, 1, 2, 3, '{"t":"17.79","h":"51.90"}\0\0\0\0\0\0\0', '2015-11-02 05:50:04'),
(1339, 1, 4, 3, '{"t":"16.89","h":"38.79"}\0\0\0\0\0\0\0', '2015-11-02 05:50:05'),
(1340, 1, 2, 3, '{"t":"17.60","h":"51.70"}\0\0\0\0\0\0\0', '2015-11-02 06:50:03'),
(1341, 1, 4, 3, '{"t":"16.89","h":"38.50"}\0\0\0\0\0\0\0', '2015-11-02 06:50:04'),
(1342, 1, 2, 3, '{"t":"17.29","h":"51.29"}\0\0\0\0\0\0\0', '2015-11-02 07:50:03'),
(1343, 1, 4, 3, '{"t":"16.79","h":"38.09"}\0\0\0\0\0\0\0', '2015-11-02 07:50:04'),
(1344, 1, 2, 3, '{"t":"19.20","h":"49.40"}\0\0\0\0\0\0\0', '2015-11-02 08:50:03'),
(1345, 1, 4, 3, '{"t":"16.60","h":"39.09"}\0\0\0\0\0\0\0', '2015-11-02 08:50:05'),
(1346, 1, 2, 3, '{"t":"18.39","h":"50.79"}\0\0\0\0\0\0\0', '2015-11-02 09:50:03'),
(1347, 1, 4, 3, '{"t":"16.60","h":"38.00"}\0\0\0\0\0\0\0', '2015-11-02 09:50:05'),
(1348, 1, 2, 3, '{"t":"18.39","h":"50.79"}\0\0\0\0\0\0\0', '2015-11-02 10:50:04'),
(1349, 1, 4, 3, '{"t":"17.00","h":"37.40"}\0\0\0\0\0\0\0', '2015-11-02 10:50:05'),
(1350, 1, 2, 3, '{"t":"18.20","h":"49.79"}\0\0\0\0\0\0\0', '2015-11-02 11:50:03'),
(1351, 1, 4, 3, '{"t":"16.89","h":"37.79"}\0\0\0\0\0\0\0', '2015-11-02 11:50:04'),
(1352, 1, 2, 3, '{"t":"18.29","h":"50.09"}\0\0\0\0\0\0\0', '2015-11-02 12:50:03'),
(1353, 1, 4, 3, '{"t":"16.89","h":"38.70"}\0\0\0\0\0\0\0', '2015-11-02 12:50:05'),
(1354, 1, 2, 3, '{"t":"18.29","h":"50.40"}\0\0\0\0\0\0\0', '2015-11-02 13:50:03'),
(1355, 1, 4, 3, '{"t":"17.20","h":"39.00"}\0\0\0\0\0\0\0', '2015-11-02 13:50:05'),
(1356, 1, 2, 3, '{"t":"18.20","h":"50.79"}\0\0\0\0\0\0\0', '2015-11-02 14:50:03'),
(1357, 1, 4, 3, '{"t":"17.20","h":"39.40"}\0\0\0\0\0\0\0', '2015-11-02 14:50:05'),
(1358, 1, 2, 3, '{"t":"18.20","h":"51.20"}\0\0\0\0\0\0\0', '2015-11-02 15:50:03'),
(1359, 1, 4, 3, '{"t":"17.20","h":"39.79"}\0\0\0\0\0\0\0', '2015-11-02 15:50:04'),
(1360, 1, 2, 3, '{"t":"18.00","h":"51.50"}\0\0\0\0\0\0\0', '2015-11-02 16:50:04'),
(1361, 1, 4, 3, '{"t":"17.20","h":"39.79"}\0\0\0\0\0\0\0', '2015-11-02 16:50:05'),
(1362, 1, 2, 3, '{"t":"17.70","h":"51.90"}\0\0\0\0\0\0\0', '2015-11-02 17:50:03'),
(1363, 1, 4, 3, '\0\0\0\0\0\0\0\0\0\0\0\0\0\0\0\0\0\0\0\0\0\0\0\0\0\0\0\0\0\0\0\0', '2015-11-02 17:50:05'),
(1364, 1, 2, 3, '{"t":"17.50","h":"52.09"}\0\0\0\0\0\0\0', '2015-11-02 18:50:03'),
(1365, 1, 4, 3, '{"t":"16.89","h":"41.40"}\0\0\0\0\0\0\0', '2015-11-02 18:50:05'),
(1366, 1, 2, 3, '{"t":"17.39","h":"52.29"}\0\0\0\0\0\0\0', '2015-11-02 19:50:03'),
(1367, 1, 4, 3, '{"t":"16.79","h":"41.50"}\0\0\0\0\0\0\0', '2015-11-02 19:50:05'),
(1368, 1, 2, 3, '{"t":"17.20","h":"52.50"}\0\0\0\0\0\0\0', '2015-11-02 20:50:03'),
(1369, 1, 4, 3, '{"t":"17.00","h":"41.20"}\0\0\0\0\0\0\0', '2015-11-02 20:50:04'),
(1370, 1, 2, 3, '{"t":"18.20","h":"53.90"}\0\0\0\0\0\0\0', '2015-11-02 21:50:03'),
(1371, 1, 4, 3, '{"t":"16.79","h":"42.79"}\0\0\0\0\0\0\0', '2015-11-02 21:50:05'),
(1372, 1, 2, 3, '{"t":"18.50","h":"54.90"}\0\0\0\0\0\0\0', '2015-11-02 22:50:03'),
(1373, 1, 4, 3, '{"t":"16.70","h":"42.50"}\0\0\0\0\0\0\0', '2015-11-02 22:50:05'),
(1374, 1, 2, 3, '{"t":"17.70","h":"54.79"}\0\0\0\0\0\0\0', '2015-11-02 23:50:03'),
(1375, 1, 4, 3, '{"t":"16.70","h":"41.70"}\0\0\0\0\0\0\0', '2015-11-02 23:50:05'),
(1376, 1, 2, 3, '{"t":"17.60","h":"53.40"}\0\0\0\0\0\0\0', '2015-11-03 00:50:03'),
(1377, 1, 4, 3, '{"t":"16.79","h":"40.40"}\0\0\0\0\0\0\0', '2015-11-03 00:50:05'),
(1378, 1, 2, 3, '{"t":"17.29","h":"52.90"}\0\0\0\0\0\0\0', '2015-11-03 01:50:03'),
(1379, 1, 4, 3, '{"t":"16.60","h":"39.79"}\0\0\0\0\0\0\0', '2015-11-03 01:50:05'),
(1380, 1, 2, 3, '{"t":"17.29","h":"52.90"}\0\0\0\0\0\0\0', '2015-11-03 02:50:03'),
(1381, 1, 4, 3, '{"t":"16.39","h":"39.70"}\0\0\0\0\0\0\0', '2015-11-03 02:50:05'),
(1382, 1, 2, 3, '\0\0\0\0\0\0\0\0\0\0\0\0\0\0\0\0\0\0\0\0\0\0\0\0\0\0\0\0\0\0\0\0', '2015-11-03 03:50:03'),
(1383, 1, 4, 3, '{"t":"16.50","h":"38.50"}\0\0\0\0\0\0\0', '2015-11-03 03:50:05'),
(1384, 1, 2, 3, '\0\0\0\0\0\0\0\0\0\0\0\0\0\0\0\0\0\0\0\0\0\0\0\0\0\0\0\0\0\0\0\0', '2015-11-03 04:50:03'),
(1385, 1, 4, 3, '{"t":"16.29","h":"37.20"}\0\0\0\0\0\0\0', '2015-11-03 04:50:05'),
(1386, 1, 2, 3, '{"t":"17.00","h":"50.59"}\0\0\0\0\0\0\0', '2015-11-03 05:50:03'),
(1387, 1, 4, 3, '{"t":"16.20","h":"36.79"}\0\0\0\0\0\0\0', '2015-11-03 05:50:05'),
(1388, 1, 2, 3, '{"t":"16.89","h":"50.09"}\0\0\0\0\0\0\0', '2015-11-03 06:50:03'),
(1389, 1, 4, 3, '{"t":"16.20","h":"36.79"}\0\0\0\0\0\0\0', '2015-11-03 06:50:05'),
(1390, 1, 2, 3, '{"t":"16.89","h":"49.79"}\0\0\0\0\0\0\0', '2015-11-03 07:50:03'),
(1391, 1, 4, 3, '\0\0\0\0\0\0\0\0\0\0\0\0\0\0\0\0\0\0\0\0\0\0\0\0\0\0\0\0\0\0\0\0', '2015-11-03 07:50:05'),
(1392, 1, 2, 3, '{"t":"19.60","h":"46.00"}\0\0\0\0\0\0\0', '2015-11-03 08:50:03'),
(1393, 1, 4, 3, '{"t":"16.20","h":"38.70"}\0\0\0\0\0\0\0', '2015-11-03 08:50:05'),
(1394, 1, 2, 3, '{"t":"19.29","h":"47.50"}\0\0\0\0\0\0\0', '2015-11-03 09:50:03'),
(1395, 1, 4, 3, '{"t":"16.20","h":"38.70"}\0\0\0\0\0\0\0', '2015-11-03 09:50:05'),
(1396, 1, 2, 3, '{"t":"20.79","h":"46.29"}\0\0\0\0\0\0\0', '2015-11-03 10:50:03'),
(1397, 1, 4, 3, '{"t":"16.60","h":"36.50"}\0\0\0\0\0\0\0', '2015-11-03 10:50:06'),
(1398, 1, 2, 3, '{"t":"22.70","h":"44.79"}\0\0\0\0\0\0\0', '2015-11-03 11:50:04'),
(1399, 1, 4, 3, '{"t":"16.50","h":"37.00"}\0\0\0\0\0\0\0', '2015-11-03 11:50:05'),
(1400, 1, 2, 3, '{"t":"22.70","h":"44.79"}\0\0\0\0\0\0\0', '2015-11-03 12:50:03'),
(1401, 1, 4, 3, '{"t":"16.70","h":"38.00"}\0\0\0\0\0\0\0', '2015-11-03 12:50:05'),
(1402, 1, 2, 3, '{"t":"23.00","h":"45.00"}\0\0\0\0\0\0\0', '2015-11-03 13:50:03'),
(1403, 1, 4, 3, '{"t":"17.20","h":"37.50"}\0\0\0\0\0\0\0', '2015-11-03 13:50:05'),
(1404, 1, 2, 3, '{"t":"21.29","h":"47.90"}\0\0\0\0\0\0\0', '2015-11-03 14:50:03'),
(1405, 1, 4, 3, '{"t":"17.20","h":"37.50"}\0\0\0\0\0\0\0', '2015-11-03 14:50:05'),
(1406, 1, 2, 3, '{"t":"20.79","h":"48.29"}\0\0\0\0\0\0\0', '2015-11-03 15:50:04'),
(1407, 1, 4, 3, '{"t":"18.89","h":"36.20"}\0\0\0\0\0\0\0', '2015-11-03 15:50:05'),
(1408, 1, 2, 3, '{"t":"20.79","h":"48.29"}\0\0\0\0\0\0\0', '2015-11-03 16:50:03'),
(1409, 1, 4, 3, '{"t":"33.00","h":"16.70"}\0\0\0\0\0\0\0', '2015-11-03 16:50:05'),
(1410, 1, 2, 3, '{"t":"20.00","h":"51.09"}\0\0\0\0\0\0\0', '2015-11-03 17:50:03'),
(1411, 1, 4, 3, '{"t":"20.29","h":"36.20"}\0\0\0\0\0\0\0', '2015-11-03 17:50:05'),
(1412, 1, 2, 2, '{"h":"53.50"}\0\0\0\0\0\0\0\0\0\0\0\0\0\0\0\0\0\0\0', '2015-11-03 18:46:49'),
(1413, 1, 4, 3, '{"t":"20.29","h":"36.20"}\0\0\0\0\0\0\0', '2015-11-03 18:47:01'),
(1414, 1, 2, 3, '{"t":"19.39","h":"53.90"}\0\0\0\0\0\0\0', '2015-11-03 18:47:09'),
(1415, 1, 2, 3, '{"t":"19.39","h":"53.90"}\0\0\0\0\0\0\0', '2015-11-03 18:50:03'),
(1416, 1, 4, 3, '{"t":"18.50","h":"39.59"}\0\0\0\0\0\0\0', '2015-11-03 18:50:04'),
(1417, 1, 2, 3, '{"t":"19.39","h":"54.00"}\0\0\0\0\0\0\0', '2015-11-03 19:50:03'),
(1418, 1, 4, 3, '{"t":"18.39","h":"39.50"}\0\0\0\0\0\0\0', '2015-11-03 19:50:05'),
(1419, 1, 2, 3, 't:17.20,h:47.20\0\0\0\0\0\0\0\0\0\0\0', '2016-01-23 20:36:49'),
(1420, 1, 4, 3, 't:16.70,h:38.29\0\0\0\0\0\0\0\0\0\0\0', '2016-01-23 20:36:51'),
(1421, 1, 2, 3, 't:19.79,h:43.70\0\0\0\0\0\0\0\0\0\0\0', '2016-01-23 21:28:34'),
(1422, 1, 4, 3, 't:13.39,h:47.29\0\0\0\0\0\0\0\0\0\0\0', '2016-01-23 21:28:35'),
(1423, 1, 2, 3, 't:19.79,h:45.00\0\0\0\0\0\0\0\0\0\0\0', '2016-01-23 22:30:03'),
(1424, 1, 4, 3, 't:13.30,h:46.59\0\0\0\0\0\0\0\0\0\0\0', '2016-01-23 22:30:05'),
(1425, 1, 2, 3, 't:19.89,h:45.09\0\0\0\0\0\0\0\0\0\0\0', '2016-01-23 23:30:04'),
(1426, 1, 4, 3, 't:13.19,h:46.29\0\0\0\0\0\0\0\0\0\0\0', '2016-01-23 23:30:05');
INSERT INTO `task` (`id`, `from_device_id`, `to_device_id`, `action_id`, `data`, `created_at`) VALUES
(1427, 1, 2, 3, 't:20.00,h:44.09\0\0\0\0\0\0\0\0\0\0\0', '2016-01-24 00:30:03'),
(1428, 1, 4, 3, 't:13.010,h:45.50\0\0\0\0\0\0\0\0\0\0', '2016-01-24 00:30:05'),
(1429, 1, 2, 3, 't:19.89,h:44.20\0\0\0\0\0\0\0\0\0\0\0', '2016-01-24 01:30:03'),
(1430, 1, 4, 3, 't:13.010,h:44.79\0\0\0\0\0\0\0\0\0\0', '2016-01-24 01:30:04'),
(1431, 1, 2, 3, 't:19.89,h:44.50\0\0\0\0\0\0\0\0\0\0\0', '2016-01-24 02:30:04'),
(1432, 1, 4, 3, 't:13.30,h:47.70\0\0\0\0\0\0\0\0\0\0\0', '2016-01-24 02:30:05'),
(1433, 1, 2, 3, 't:19.010,h:43.79\0\0\0\0\0\0\0\0\0\0', '2016-01-24 03:30:03'),
(1434, 1, 4, 3, 't:13.010,h:49.50\0\0\0\0\0\0\0\0\0\0', '2016-01-24 03:30:04'),
(1435, 1, 2, 3, 't:18.50,h:43.09\0\0\0\0\0\0\0\0\0\0\0', '2016-01-24 04:30:04'),
(1436, 1, 4, 3, 't:13.010,h:51.00\0\0\0\0\0\0\0\0\0\0', '2016-01-24 04:30:05'),
(1437, 1, 2, 3, 't:18.50,h:41.90\0\0\0\0\0\0\0\0\0\0\0', '2016-01-24 05:30:03'),
(1438, 1, 4, 3, 't:13.30,h:52.09\0\0\0\0\0\0\0\0\0\0\0', '2016-01-24 05:30:04'),
(1439, 1, 2, 3, 't:18.60,h:41.40\0\0\0\0\0\0\0\0\0\0\0', '2016-01-24 06:30:04'),
(1440, 1, 4, 3, 't:13.39,h:52.00\0\0\0\0\0\0\0\0\0\0\0', '2016-01-24 06:30:05'),
(1441, 1, 2, 3, 't:18.60,h:41.09\0\0\0\0\0\0\0\0\0\0\0', '2016-01-24 07:30:03'),
(1442, 1, 4, 3, 'error:timeout', '2016-01-24 07:30:06'),
(1443, 1, 2, 3, 't:18.60,h:41.09\0\0\0\0\0\0\0\0\0\0\0', '2016-01-24 08:30:05'),
(1444, 1, 4, 3, 'error:timeout', '2016-01-24 08:30:08'),
(1445, 1, 2, 3, 't:18.70,h:41.09\0\0\0\0\0\0\0\0\0\0\0', '2016-01-24 09:30:03'),
(1446, 1, 4, 3, 'error:timeout', '2016-01-24 09:30:07'),
(1447, 1, 2, 3, 't:18.70,h:41.09\0\0\0\0\0\0\0\0\0\0\0', '2016-01-24 10:30:05'),
(1448, 1, 4, 3, 'error:timeout', '2016-01-24 10:30:09'),
(1449, 1, 2, 3, 't:18.79,h:41.20\0\0\0\0\0\0\0\0\0\0\0', '2016-01-24 11:30:03'),
(1450, 1, 4, 3, 'error:timeout', '2016-01-24 11:30:06'),
(1451, 1, 2, 3, 't:18.79,h:41.40\0\0\0\0\0\0\0\0\0\0\0', '2016-01-24 12:30:03'),
(1452, 1, 4, 3, 'error:timeout', '2016-01-24 12:30:07'),
(1453, 1, 2, 3, 't:20.29,h:42.79\0\0\0\0\0\0\0\0\0\0\0', '2016-01-24 13:30:03'),
(1454, 1, 4, 3, 'error:timeout', '2016-01-24 13:30:06'),
(1455, 1, 2, 3, 't:19.89,h:44.70\0\0\0\0\0\0\0\0\0\0\0', '2016-01-24 14:30:05'),
(1456, 1, 4, 3, 'error:timeout', '2016-01-24 14:30:08'),
(1457, 1, 2, 3, 't:19.89,h:45.79\0\0\0\0\0\0\0\0\0\0\0', '2016-01-24 15:30:04'),
(1458, 1, 4, 3, 'error:timeout', '2016-01-24 15:30:07'),
(1459, 1, 2, 3, 't:19.89,h:46.40\0\0\0\0\0\0\0\0\0\0\0', '2016-01-24 16:30:03'),
(1460, 1, 4, 3, 'error:timeout', '2016-01-24 16:30:06'),
(1461, 1, 2, 3, 't:20.00,h:46.90\0\0\0\0\0\0\0\0\0\0\0', '2016-01-24 17:30:03'),
(1462, 1, 4, 3, 'error:timeout', '2016-01-24 17:30:07'),
(1463, 1, 2, 3, 't:20.00,h:47.40\0\0\0\0\0\0\0\0\0\0\0', '2016-01-24 18:30:03'),
(1464, 1, 4, 3, 'error:timeout', '2016-01-24 18:30:07'),
(1465, 1, 2, 3, 't:19.89,h:46.70\0\0\0\0\0\0\0\0\0\0\0', '2016-01-24 19:30:04'),
(1466, 1, 4, 3, 'error:timeout', '2016-01-24 19:30:07'),
(1467, 1, 2, 3, 't:19.89,h:48.09\0\0\0\0\0\0\0\0\0\0\0', '2016-01-24 20:30:03'),
(1468, 1, 4, 3, 'error:timeout', '2016-01-24 20:30:07'),
(1469, 1, 2, 3, 't:19.70,h:49.70\0\0\0\0\0\0\0\0\0\0\0', '2016-01-24 21:30:04'),
(1470, 1, 4, 3, 'error:timeout', '2016-01-24 21:30:07'),
(1471, 1, 2, 3, 't:19.70,h:50.00\0\0\0\0\0\0\0\0\0\0\0', '2016-01-24 22:30:03'),
(1472, 1, 4, 3, 'error:timeout', '2016-01-24 22:30:07'),
(1473, 1, 2, 3, 't:18.89,h:50.00\0\0\0\0\0\0\0\0\0\0\0', '2016-01-24 23:30:03'),
(1474, 1, 4, 3, 'error:timeout', '2016-01-24 23:30:06'),
(1475, 1, 2, 3, 't:17.79,h:52.00\0\0\0\0\0\0\0\0\0\0\0', '2016-01-25 00:30:04'),
(1476, 1, 4, 3, 'error:timeout', '2016-01-25 00:30:07'),
(1477, 1, 2, 3, 't:17.50,h:52.59\0\0\0\0\0\0\0\0\0\0\0', '2016-01-25 01:30:03'),
(1478, 1, 4, 3, 'error:timeout', '2016-01-25 01:30:06'),
(1479, 1, 2, 3, 't:17.29,h:52.70\0\0\0\0\0\0\0\0\0\0\0', '2016-01-25 02:30:04'),
(1480, 1, 4, 3, 'error:timeout', '2016-01-25 02:30:07'),
(1481, 1, 2, 3, 't:17.010,h:52.79\0\0\0\0\0\0\0\0\0\0', '2016-01-25 03:30:03'),
(1482, 1, 4, 3, 'error:timeout', '2016-01-25 03:30:06'),
(1483, 1, 2, 3, 't:17.20,h:52.20\0\0\0\0\0\0\0\0\0\0\0', '2016-01-25 04:30:03'),
(1484, 1, 4, 3, 'error:timeout', '2016-01-25 04:30:07'),
(1485, 1, 2, 3, 't:17.29,h:52.00\0\0\0\0\0\0\0\0\0\0\0', '2016-01-25 05:30:03'),
(1486, 1, 4, 3, 'error:timeout', '2016-01-25 05:30:06'),
(1487, 1, 2, 3, 't:17.70,h:50.50\0\0\0\0\0\0\0\0\0\0\0', '2016-01-25 06:30:04'),
(1488, 1, 4, 3, 'error:timeout', '2016-01-25 06:30:07'),
(1489, 1, 2, 3, 't:18.20,h:49.09\0\0\0\0\0\0\0\0\0\0\0', '2016-01-25 07:30:03'),
(1490, 1, 4, 3, 'error:timeout', '2016-01-25 07:30:06'),
(1491, 1, 2, 3, 't:20.20,h:47.70\0\0\0\0\0\0\0\0\0\0\0', '2016-01-25 08:30:03'),
(1492, 1, 4, 3, 't:15.30,h:58.50\0\0\0\0\0\0\0\0\0\0\0', '2016-01-25 08:30:05'),
(1493, 1, 2, 3, 't:19.29,h:51.00\0\0\0\0\0\0\0\0\0\0\0', '2016-01-25 09:30:04'),
(1494, 1, 4, 3, 't:15.89,h:50.90\0\0\0\0\0\0\0\0\0\0\0', '2016-01-25 09:30:05'),
(1495, 1, 2, 3, 't:18.60,h:50.40\0\0\0\0\0\0\0\0\0\0\0', '2016-01-25 10:30:03'),
(1496, 1, 4, 3, 't:15.60,h:49.40\0\0\0\0\0\0\0\0\0\0\0', '2016-01-25 10:30:05'),
(1497, 1, 2, 3, 't:20.00,h:48.79\0\0\0\0\0\0\0\0\0\0\0', '2016-01-25 11:30:04'),
(1498, 1, 4, 3, 't:16.010,h:47.29\0\0\0\0\0\0\0\0\0\0', '2016-01-25 11:30:05'),
(1499, 1, 2, 3, 't:20.70,h:48.40\0\0\0\0\0\0\0\0\0\0\0', '2016-01-25 12:30:03'),
(1500, 1, 4, 3, 't:16.79,h:44.90\0\0\0\0\0\0\0\0\0\0\0', '2016-01-25 12:30:05'),
(1501, 1, 2, 3, 't:22.39,h:46.40\0\0\0\0\0\0\0\0\0\0\0', '2016-01-25 13:30:03'),
(1502, 1, 4, 3, 't:16.60,h:46.70\0\0\0\0\0\0\0\0\0\0\0', '2016-01-25 13:30:04'),
(1503, 1, 2, 3, 't:22.50,h:45.29\0\0\0\0\0\0\0\0\0\0\0', '2016-01-25 14:30:03'),
(1504, 1, 4, 3, 't:16.60,h:47.09\0\0\0\0\0\0\0\0\0\0\0', '2016-01-25 14:30:05'),
(1505, 1, 2, 3, 't:21.70,h:46.29\0\0\0\0\0\0\0\0\0\0\0', '2016-01-25 15:30:03'),
(1506, 1, 4, 3, 't:17.60,h:45.29\0\0\0\0\0\0\0\0\0\0\0', '2016-01-25 15:30:04'),
(1507, 1, 2, 3, 't:23.70,h:42.20\0\0\0\0\0\0\0\0\0\0\0', '2016-01-25 16:30:03'),
(1508, 1, 4, 3, 't:18.89,h:41.50\0\0\0\0\0\0\0\0\0\0\0', '2016-01-25 16:30:05'),
(1509, 1, 2, 3, 't:23.89,h:41.20\0\0\0\0\0\0\0\0\0\0\0', '2016-01-25 17:30:03'),
(1510, 1, 4, 3, 't:19.70,h:39.20\0\0\0\0\0\0\0\0\0\0\0', '2016-01-25 17:30:04'),
(1511, 1, 2, 3, 't:20.60,h:47.20\0\0\0\0\0\0\0\0\0\0\0', '2016-01-25 18:30:03'),
(1512, 1, 4, 3, 't:18.29,h:41.70\0\0\0\0\0\0\0\0\0\0\0', '2016-01-25 18:30:05'),
(1513, 1, 2, 3, 't:20.00,h:47.90\0\0\0\0\0\0\0\0\0\0\0', '2016-01-25 19:30:03'),
(1514, 1, 4, 3, 't:18.010,h:41.90\0\0\0\0\0\0\0\0\0\0', '2016-01-25 19:30:04'),
(1515, 1, 2, 3, 't:19.50,h:45.79\0\0\0\0\0\0\0\0\0\0\0', '2016-01-25 20:30:04'),
(1516, 1, 4, 3, 't:18.20,h:35.09\0\0\0\0\0\0\0\0\0\0\0', '2016-01-25 20:30:05'),
(1517, 1, 2, 3, 't:19.79,h:44.09\0\0\0\0\0\0\0\0\0\0\0', '2016-01-25 21:30:03'),
(1518, 1, 4, 3, 't:18.39,h:29.70\0\0\0\0\0\0\0\0\0\0\0', '2016-01-25 21:30:04'),
(1519, 1, 2, 3, 't:20.010,h:44.00\0\0\0\0\0\0\0\0\0\0', '2016-01-25 22:30:04'),
(1520, 1, 4, 3, 't:18.50,h:32.09\0\0\0\0\0\0\0\0\0\0\0', '2016-01-25 22:30:05'),
(1521, 1, 2, 3, 't:19.89,h:45.00\0\0\0\0\0\0\0\0\0\0\0', '2016-01-25 23:30:03'),
(1522, 1, 4, 3, 't:18.50,h:35.40\0\0\0\0\0\0\0\0\0\0\0', '2016-01-25 23:30:04'),
(1523, 1, 2, 3, 't:19.39,h:45.59\0\0\0\0\0\0\0\0\0\0\0', '2016-01-26 00:30:04'),
(1524, 1, 4, 3, 'error:timeout', '2016-01-26 00:30:07'),
(1525, 1, 2, 3, 't:18.79,h:47.20\0\0\0\0\0\0\0\0\0\0\0', '2016-01-26 01:30:03'),
(1526, 1, 4, 3, 'error:timeout', '2016-01-26 01:30:06'),
(1527, 1, 2, 3, 't:18.50,h:47.70\0\0\0\0\0\0\0\0\0\0\0', '2016-01-26 02:30:04'),
(1528, 1, 4, 3, 'error:timeout', '2016-01-26 02:30:07'),
(1529, 1, 2, 3, 't:18.29,h:47.70\0\0\0\0\0\0\0\0\0\0\0', '2016-01-26 03:30:03'),
(1530, 1, 4, 3, 'error:timeout', '2016-01-26 03:30:06'),
(1531, 1, 2, 3, 't:18.010,h:48.20\0\0\0\0\0\0\0\0\0\0', '2016-01-26 04:30:04'),
(1532, 1, 4, 3, 'error:timeout', '2016-01-26 04:30:07'),
(1533, 1, 2, 3, 't:17.79,h:48.29\0\0\0\0\0\0\0\0\0\0\0', '2016-01-26 05:30:03'),
(1534, 1, 4, 3, 'error:timeout', '2016-01-26 05:30:06'),
(1535, 1, 2, 3, 't:17.60,h:48.40\0\0\0\0\0\0\0\0\0\0\0', '2016-01-26 06:30:03'),
(1536, 1, 4, 3, 'error:timeout', '2016-01-26 06:30:07'),
(1537, 1, 2, 3, 't:17.39,h:48.20\0\0\0\0\0\0\0\0\0\0\0', '2016-01-26 07:30:04'),
(1538, 1, 4, 3, 'error:timeout', '2016-01-26 07:30:07'),
(1539, 1, 2, 3, 't:19.89,h:45.59\0\0\0\0\0\0\0\0\0\0\0', '2016-01-26 08:30:03'),
(1540, 1, 4, 3, 'error:timeout', '2016-01-26 08:30:06'),
(1541, 1, 2, 3, 't:19.79,h:45.29\0\0\0\0\0\0\0\0\0\0\0', '2016-01-26 09:30:04'),
(1542, 1, 4, 3, 'error:timeout', '2016-01-26 09:30:07'),
(1543, 1, 2, 3, 't:18.60,h:46.50\0\0\0\0\0\0\0\0\0\0\0', '2016-01-26 10:30:03'),
(1544, 1, 4, 3, 'error:timeout', '2016-01-26 10:30:06'),
(1545, 1, 2, 3, 't:18.00,h:47.29\0\0\0\0\0\0\0\0\0\0\0', '2016-01-26 11:30:04'),
(1546, 1, 4, 3, 'error:timeout', '2016-01-26 11:30:07'),
(1547, 1, 2, 3, 't:18.29,h:46.50\0\0\0\0\0\0\0\0\0\0\0', '2016-01-26 12:30:03'),
(1548, 1, 4, 3, 'error:timeout', '2016-01-26 12:30:06'),
(1549, 1, 2, 3, 't:19.00,h:44.59\0\0\0\0\0\0\0\0\0\0\0', '2016-01-26 13:30:04'),
(1550, 1, 4, 3, 'error:timeout', '2016-01-26 13:30:07'),
(1551, 1, 2, 3, 't:20.29,h:42.79\0\0\0\0\0\0\0\0\0\0\0', '2016-01-26 14:30:03'),
(1552, 1, 4, 3, 'error:timeout', '2016-01-26 14:30:06'),
(1553, 1, 2, 3, 't:19.39,h:43.59\0\0\0\0\0\0\0\0\0\0\0', '2016-01-26 15:30:04'),
(1554, 1, 4, 3, 'error:timeout', '2016-01-26 15:30:07'),
(1555, 1, 2, 3, 't:18.60,h:44.29\0\0\0\0\0\0\0\0\0\0\0', '2016-01-26 16:30:03'),
(1556, 1, 4, 3, 'error:timeout', '2016-01-26 16:30:06'),
(1557, 1, 2, 3, 't:20.00,h:43.00\0\0\0\0\0\0\0\0\0\0\0', '2016-01-26 17:30:04'),
(1558, 1, 4, 3, 'error:timeout', '2016-01-26 17:30:07'),
(1559, 1, 2, 3, 't:20.29,h:41.09\0\0\0\0\0\0\0\0\0\0\0', '2016-01-26 18:30:03'),
(1560, 1, 4, 3, 'error:timeout', '2016-01-26 18:30:06'),
(1561, 1, 2, 3, 't:20.29,h:42.09\0\0\0\0\0\0\0\0\0\0\0', '2016-01-26 19:30:04'),
(1562, 1, 4, 3, 'error:timeout', '2016-01-26 19:30:07'),
(1563, 1, 2, 3, 'temp:20.010,hum:43.70\0\0\0\0\0\0\0\0\0\0\0', '2016-01-26 20:30:03'),
(1564, 1, 4, 3, 'error:timeout', '2016-01-26 20:30:09'),
(1565, 1, 2, 3, 'temp:20.00,hum:44.00\0\0\0\0\0\0', '2016-01-26 21:30:05'),
(1566, 1, 4, 3, 'temp:16.60,hum:38.09\0\0\0\0\0\0', '2016-01-26 21:30:06'),
(1567, 1, 2, 3, 'temp:20.010,hum:44.20\0\0\0\0\0', '2016-01-26 22:30:03'),
(1568, 1, 4, 3, 'temp:16.39,hum:39.00\0\0\0\0\0\0', '2016-01-26 22:30:08'),
(1569, 1, 2, 3, 'temp:20.010,hum:44.40\0\0\0\0\0', '2016-01-26 23:30:05'),
(1570, 1, 4, 3, 'temp:15.89,hum:41.09\0\0\0\0\0\0', '2016-01-26 23:30:06');

-- --------------------------------------------------------

--
-- Tabelstructuur voor tabel `task_defined`
--

CREATE TABLE IF NOT EXISTS `task_defined` (
`id` int(11) NOT NULL COMMENT 'Id of the defined task',
  `name` varchar(255) NOT NULL COMMENT 'Name of the defined task',
  `from_device_id` int(11) NOT NULL COMMENT 'From witch device id',
  `to_device_id` int(11) NOT NULL COMMENT 'To witch device id',
  `action_id` int(11) NOT NULL COMMENT 'Witch action id',
  `created_at` datetime NOT NULL COMMENT 'When the defined task is created',
  `updated_at` datetime NOT NULL COMMENT 'When the defined task is updated'
) ENGINE=InnoDB AUTO_INCREMENT=6 DEFAULT CHARSET=utf8;

--
-- Gegevens worden geëxporteerd voor tabel `task_defined`
--

INSERT INTO `task_defined` (`id`, `name`, `from_device_id`, `to_device_id`, `action_id`, `created_at`, `updated_at`) VALUES
(2, 'Temperatuur en Vochtigheid in Woonkamer', 1, 2, 3, '2015-09-18 19:35:21', '2015-09-22 21:15:17'),
(3, 'Temperatuur in Woonkamer', 1, 2, 1, '2015-09-27 14:18:39', '2015-09-27 14:18:39'),
(4, 'Vochtigheid in Woonkamer', 1, 2, 2, '2015-09-27 14:19:09', '2015-09-27 14:19:09'),
(5, 'Temperatuur en Vochtigheid op het Balkon', 1, 4, 3, '2015-09-27 18:46:10', '2015-09-27 18:46:10');

--
-- Indexen voor geëxporteerde tabellen
--

--
-- Indexen voor tabel `action`
--
ALTER TABLE `action`
 ADD PRIMARY KEY (`id`);

--
-- Indexen voor tabel `condition`
--
ALTER TABLE `condition`
 ADD PRIMARY KEY (`id`);

--
-- Indexen voor tabel `cronjob`
--
ALTER TABLE `cronjob`
 ADD PRIMARY KEY (`id`);

--
-- Indexen voor tabel `device`
--
ALTER TABLE `device`
 ADD PRIMARY KEY (`id`);

--
-- Indexen voor tabel `device_action`
--
ALTER TABLE `device_action`
 ADD PRIMARY KEY (`id`);

--
-- Indexen voor tabel `rule`
--
ALTER TABLE `rule`
 ADD PRIMARY KEY (`id`);

--
-- Indexen voor tabel `rule_action`
--
ALTER TABLE `rule_action`
 ADD PRIMARY KEY (`id`);

--
-- Indexen voor tabel `rule_condition`
--
ALTER TABLE `rule_condition`
 ADD PRIMARY KEY (`id`);

--
-- Indexen voor tabel `setting`
--
ALTER TABLE `setting`
 ADD PRIMARY KEY (`id`);

--
-- Indexen voor tabel `task`
--
ALTER TABLE `task`
 ADD PRIMARY KEY (`id`);

--
-- Indexen voor tabel `task_defined`
--
ALTER TABLE `task_defined`
 ADD PRIMARY KEY (`id`);

--
-- AUTO_INCREMENT voor geëxporteerde tabellen
--

--
-- AUTO_INCREMENT voor een tabel `action`
--
ALTER TABLE `action`
MODIFY `id` int(11) NOT NULL AUTO_INCREMENT COMMENT 'Id of the action',AUTO_INCREMENT=9;
--
-- AUTO_INCREMENT voor een tabel `condition`
--
ALTER TABLE `condition`
MODIFY `id` int(11) NOT NULL AUTO_INCREMENT COMMENT 'Id of the condition',AUTO_INCREMENT=3;
--
-- AUTO_INCREMENT voor een tabel `cronjob`
--
ALTER TABLE `cronjob`
MODIFY `id` int(11) NOT NULL AUTO_INCREMENT COMMENT 'Id of the cron job',AUTO_INCREMENT=3;
--
-- AUTO_INCREMENT voor een tabel `device`
--
ALTER TABLE `device`
MODIFY `id` int(11) NOT NULL AUTO_INCREMENT COMMENT 'Id of the device',AUTO_INCREMENT=5;
--
-- AUTO_INCREMENT voor een tabel `device_action`
--
ALTER TABLE `device_action`
MODIFY `id` int(11) NOT NULL AUTO_INCREMENT COMMENT 'Id of the join between device and action',AUTO_INCREMENT=15;
--
-- AUTO_INCREMENT voor een tabel `rule`
--
ALTER TABLE `rule`
MODIFY `id` int(11) NOT NULL AUTO_INCREMENT COMMENT 'Id of the rule',AUTO_INCREMENT=3;
--
-- AUTO_INCREMENT voor een tabel `rule_action`
--
ALTER TABLE `rule_action`
MODIFY `id` int(11) NOT NULL AUTO_INCREMENT COMMENT 'Id of the condition',AUTO_INCREMENT=4;
--
-- AUTO_INCREMENT voor een tabel `rule_condition`
--
ALTER TABLE `rule_condition`
MODIFY `id` int(11) NOT NULL AUTO_INCREMENT COMMENT 'Id of the condition',AUTO_INCREMENT=4;
--
-- AUTO_INCREMENT voor een tabel `setting`
--
ALTER TABLE `setting`
MODIFY `id` int(11) NOT NULL AUTO_INCREMENT COMMENT 'Id of the setting',AUTO_INCREMENT=2;
--
-- AUTO_INCREMENT voor een tabel `task`
--
ALTER TABLE `task`
MODIFY `id` int(11) NOT NULL AUTO_INCREMENT COMMENT 'Id of the task',AUTO_INCREMENT=1571;
--
-- AUTO_INCREMENT voor een tabel `task_defined`
--
ALTER TABLE `task_defined`
MODIFY `id` int(11) NOT NULL AUTO_INCREMENT COMMENT 'Id of the defined task',AUTO_INCREMENT=6;
/*!40101 SET CHARACTER_SET_CLIENT=@OLD_CHARACTER_SET_CLIENT */;
/*!40101 SET CHARACTER_SET_RESULTS=@OLD_CHARACTER_SET_RESULTS */;
/*!40101 SET COLLATION_CONNECTION=@OLD_COLLATION_CONNECTION */;
